Order Date,Sales,lag_1,lag_7,rolling_mean,year,month,day,dayofweek
2014-01-11,9.94,54.83,16.448,701.024,2014,1,11,5
2014-01-13,3553.795,9.94,288.06,1167.5575714285715,2014,1,13,0
2014-01-14,61.96,3553.795,19.536,1173.618142857143,2014,1,14,1
2014-01-15,149.95,61.96,4407.1,565.4538571428571,2014,1,15,2
2014-01-16,299.964,149.95,87.15799999999999,595.8547142857143,2014,1,16,3
2014-01-18,64.864,299.964,40.544,599.3290000000001,2014,1,18,5
2014-01-19,378.594,64.864,54.83,645.5810000000001,2014,1,19,6
2014-01-20,2673.87,378.594,9.94,1026.1424285714286,2014,1,20,0
2014-01-21,25.248,2673.87,3553.795,522.0642857142857,2014,1,21,1
2014-01-23,46.019999999999996,25.248,61.96,519.7871428571428,2014,1,23,3
2014-01-26,1097.25,46.019999999999996,149.95,655.1157142857143,2014,1,26,6
2014-01-27,426.67,1097.25,299.964,673.2165714285713,2014,1,27,0
2014-01-28,3.928,426.67,64.864,664.5114285714286,2014,1,28,1
2014-01-30,240.5,3.928,378.594,644.7837142857143,2014,1,30,3
2014-01-31,290.666,240.5,2673.87,304.326,2014,1,31,4
2014-02-01,468.9,290.666,25.248,367.7048571428572,2014,2,1,5
2014-02-02,211.64600000000002,468.9,46.019999999999996,391.36571428571426,2014,2,2,6
2014-02-03,97.11200000000001,211.64600000000002,1097.25,248.48885714285714,2014,2,3,0
2014-02-04,134.38400000000001,97.11200000000001,426.67,206.73371428571429,2014,2,4,1
2014-02-06,330.512,134.38400000000001,3.928,253.38857142857142,2014,2,6,3
2014-02-07,180.32,330.512,240.5,244.79142857142855,2014,2,7,4
2014-02-08,14.56,180.32,290.666,205.3477142857143,2014,2,8,5
2014-02-11,2043.4,14.56,468.9,430.27628571428573,2014,2,11,1
2014-02-12,129.568,2043.4,211.64600000000002,418.5508571428572,2014,2,12,2
2014-02-14,576.726,129.568,97.11200000000001,487.06714285714287,2014,2,14,4
2014-02-15,21.36,576.726,134.38400000000001,470.9208571428572,2014,2,15,5
2014-02-16,9.04,21.36,330.512,424.99628571428576,2014,2,16,6
2014-02-17,54.208,9.04,180.32,406.98028571428574,2014,2,17,0
2014-02-18,37.784,54.208,14.56,410.29800000000006,2014,2,18,1
2014-02-20,95.59,37.784,2043.4,132.03942857142857,2014,2,20,3
2014-02-21,8.85,95.59,129.568,114.794,2014,2,21,4
2014-02-22,19.44,8.85,576.726,35.181714285714285,2014,2,22,5
2014-02-23,11.364,19.44,21.36,33.75371428571428,2014,2,23,6
2014-02-24,55.672,11.364,9.04,40.41542857142857,2014,2,24,0
2014-02-27,19.456,55.672,54.208,35.45085714285714,2014,2,27,3
2014-03-01,2203.151,19.456,37.784,344.78899999999993,2014,3,1,5
2014-03-02,202.384,2203.151,95.59,360.0452857142856,2014,3,2,6
2014-03-03,1345.8919999999998,202.384,8.85,551.0512857142857,2014,3,3,0
2014-03-04,370.452,1345.8919999999998,19.44,601.195857142857,2014,3,4,1
2014-03-05,705.562,370.452,11.364,700.367,2014,3,5,2
2014-03-07,1561.062,705.562,55.672,915.4227142857142,2014,3,7,4
2014-03-10,741.956,1561.062,19.456,1018.6369999999998,2014,3,10,0
2014-03-11,918.314,741.956,2203.151,835.088857142857,2014,3,11,1
2014-03-14,2108.55,918.314,202.384,1107.3982857142857,2014,3,14,4
2014-03-15,370.78200000000004,2108.55,1345.8919999999998,968.0968571428573,2014,3,15,5
2014-03-16,471.92,370.78200000000004,370.452,982.5922857142858,2014,3,16,6
2014-03-17,3960.358,471.92,705.562,1447.563142857143,2014,3,17,0
2014-03-18,28106.716,3960.358,1561.062,5239.799428571429,2014,3,18,1
2014-03-19,590.762,28106.716,741.956,5218.200285714286,2014,3,19,2
2014-03-21,4109.816,590.762,918.314,5674.129142857143,2014,3,21,4
2014-03-22,464.09299999999996,4109.816,2108.55,5439.206714285714,2014,3,22,5
2014-03-23,945.064,464.09299999999996,370.78200000000004,5521.247,2014,3,23,6
2014-03-24,65.38,945.064,471.92,5463.169857142858,2014,3,24,0
2014-03-25,459.146,65.38,3960.358,4962.996714285715,2014,3,25,1
2014-03-26,145.13,459.146,28106.716,968.4844285714286,2014,3,26,2
2014-03-28,1823.8039999999999,145.13,590.762,1144.6332857142856,2014,3,28,4
2014-03-29,890.841,1823.8039999999999,4109.816,684.7797142857142,2014,3,29,5
2014-03-30,1170.3220000000001,890.841,464.09299999999996,785.6695714285714,2014,3,30,6
2014-03-31,1959.552,1170.3220000000001,945.064,930.5964285714284,2014,3,31,0
2014-04-01,119.88799999999999,1959.552,65.38,938.3832857142855,2014,4,1,1
2014-04-02,1458.558,119.88799999999999,459.146,1081.1564285714285,2014,4,2,2
2014-04-03,233.45,1458.558,145.13,1093.7735714285714,2014,4,3,3
2014-04-04,475.844,233.45,1823.8039999999999,901.207857142857,2014,4,4,4
2014-04-05,5295.098000000001,475.844,890.841,1530.3874285714285,2014,4,5,5
2014-04-06,1650.69,5295.098000000001,1170.3220000000001,1599.0114285714285,2014,4,6,6
2014-04-07,1021.1700000000001,1650.69,1959.552,1464.9568571428572,2014,4,7,0
2014-04-08,1958.75,1021.1700000000001,119.88799999999999,1727.6514285714286,2014,4,8,1
2014-04-11,1915.24,1958.75,1458.558,1792.8917142857142,2014,4,11,4
2014-04-12,1912.123,1915.24,233.45,2032.702142857143,2014,4,12,5
2014-04-13,638.576,1912.123,475.844,2055.9495714285717,2014,4,13,6
2014-04-15,294.71999999999997,638.576,5295.098000000001,1341.609857142857,2014,4,15,1
2014-04-16,39.072,294.71999999999997,1650.69,1111.3787142857143,2014,4,16,2
2014-04-18,1020.532,39.072,1021.1700000000001,1111.2875714285715,2014,4,18,4
2014-04-19,205.47,1020.532,1958.75,860.8190000000001,2014,4,19,5
2014-04-20,1250.45,205.47,1915.24,765.849,2014,4,20,6
2014-04-21,845.36,1250.45,1912.123,613.4542857142858,2014,4,21,0
2014-04-22,257.752,845.36,638.576,559.0508571428571,2014,4,22,1
2014-04-23,643.98,257.752,294.71999999999997,608.9451428571429,2014,4,23,2
2014-04-25,2379.9939999999997,643.98,39.072,943.3625714285714,2014,4,25,4
2014-04-26,282.568,2379.9939999999997,1020.532,837.9391428571428,2014,4,26,5
2014-04-28,2578.476,282.568,205.47,1176.94,2014,4,28,0
2014-04-29,768.8439999999999,2578.476,1250.45,1108.1391428571428,2014,4,29,1
2014-04-30,1048.74,768.8439999999999,845.36,1137.1934285714285,2014,4,30,2
2014-05-02,506.12,1048.74,257.752,1172.6745714285714,2014,5,2,4
2014-05-03,72.632,506.12,643.98,1091.0534285714286,2014,5,3,5
2014-05-04,187.43200000000002,72.632,2379.9939999999997,777.8302857142857,2014,5,4,6
2014-05-05,260.977,187.43200000000002,282.568,774.7458571428571,2014,5,5,0
2014-05-06,254.456,260.977,2578.476,442.743,2014,5,6,1
2014-05-07,1091.35,254.456,768.8439999999999,488.8152857142856,2014,5,7,2
2014-05-08,1799.97,1091.35,1048.74,596.1338571428571,2014,5,8,3
2014-05-09,394.48,1799.97,506.12,580.1852857142857,2014,5,9,4
2014-05-10,2343.799,394.48,72.632,904.6377142857143,2014,5,10,5
2014-05-11,1642.802,2343.799,187.43200000000002,1112.5477142857142,2014,5,11,6
2014-05-12,734.846,1642.802,260.977,1180.2432857142855,2014,5,12,0
2014-05-13,898.382,734.846,254.456,1272.2327142857143,2014,5,13,1
2014-05-14,310.88,898.382,1091.35,1160.7369999999999,2014,5,14,2
2014-05-16,289.28,310.88,1799.97,944.9241428571429,2014,5,16,4
2014-05-17,91.68,289.28,394.48,901.667,2014,5,17,5
2014-05-18,948.9480000000001,91.68,2343.799,702.4025714285715,2014,5,18,6
2014-05-19,91.62,948.9480000000001,1642.802,480.8051428571429,2014,5,19,0
2014-05-20,320.10400000000004,91.62,734.846,421.5562857142857,2014,5,20,1
2014-05-21,4264.3279999999995,320.10400000000004,898.382,902.4057142857143,2014,5,21,2
2014-05-22,180.93,4264.3279999999995,310.88,883.8414285714287,2014,5,22,3
2014-05-23,323.75800000000004,180.93,289.28,888.7668571428572,2014,5,23,4
2014-05-24,116.28,323.75800000000004,91.68,892.2811428571429,2014,5,24,5
2014-05-25,119.53999999999999,116.28,948.9480000000001,773.7942857142856,2014,5,25,6
2014-05-26,1325.718,119.53999999999999,91.62,950.0939999999999,2014,5,26,0
2014-05-27,2157.394,1325.718,320.10400000000004,1212.564,2014,5,27,1
2014-05-28,221.96800000000002,2157.394,4264.3279999999995,635.084,2014,5,28,2
2014-05-30,1924.913,221.96800000000002,180.93,884.2244285714286,2014,5,30,4
2014-05-31,773.7,1924.913,323.75800000000004,948.5018571428571,2014,5,31,5
2014-06-01,5188.5199999999995,773.7,116.28,1673.1075714285714,2014,6,1,6
2014-06-02,738.598,5188.5199999999995,119.53999999999999,1761.5444285714282,2014,6,2,0
2014-06-03,741.336,738.598,1325.718,1678.0612857142858,2014,6,3,1
2014-06-04,456.272,741.336,2157.394,1435.043857142857,2014,6,4,2
2014-06-06,1374.0010000000002,456.272,221.96800000000002,1599.6199999999997,2014,6,6,4
2014-06-07,281.397,1374.0010000000002,1924.913,1364.832,2014,6,7,5
2014-06-08,2501.264,281.397,773.7,1611.626857142857,2014,6,8,6
2014-06-09,5463.008,2501.264,5188.5199999999995,1650.8394285714287,2014,6,9,0
2014-06-10,491.55,5463.008,738.598,1615.546857142857,2014,6,10,1
2014-06-13,14.52,491.55,741.336,1511.7160000000001,2014,6,13,4
2014-06-14,212.94,14.52,456.272,1476.9542857142858,2014,6,14,5
2014-06-15,942.9739999999999,212.94,1374.0010000000002,1415.3790000000001,2014,6,15,6
2014-06-16,763.792,942.9739999999999,281.397,1484.2925714285716,2014,6,16,0
2014-06-17,3418.5020000000004,763.792,2501.264,1615.3265714285715,2014,6,17,1
2014-06-18,139.8,3418.5020000000004,5463.008,854.8682857142858,2014,6,18,2
2014-06-20,1828.9496,139.8,491.55,1045.9253714285715,2014,6,20,4
2014-06-21,4107.443,1828.9496,14.52,1630.6286571428573,2014,6,21,5
2014-06-22,1975.498,4107.443,212.94,1882.4226571428571,2014,6,22,6
2014-06-23,109.49600000000001,1975.498,942.9739999999999,1763.3543714285715,2014,6,23,0
2014-06-24,4.272,109.49600000000001,763.792,1654.8515142857143,2014,6,24,1
2014-06-25,792.76,4.272,3418.5020000000004,1279.7455142857143,2014,6,25,2
2014-06-27,616.14,792.76,139.8,1347.7940857142858,2014,6,27,4
2014-06-28,1645.791,616.14,1828.9496,1321.6285714285714,2014,6,28,5
2014-06-29,46.68,1645.791,4107.443,741.5195714285713,2014,6,29,6
2014-06-30,739.624,46.68,1975.498,564.9661428571428,2014,6,30,0
2014-07-01,601.0239999999999,739.624,109.49600000000001,635.1844285714285,2014,7,1,1
2014-07-02,79.56,601.0239999999999,4.272,645.9398571428571,2014,7,2,2
2014-07-04,247.40800000000002,79.56,792.76,568.0324285714285,2014,7,4,4
2014-07-05,1444.104,247.40800000000002,616.14,686.313,2014,7,5,5
2014-07-06,1038.472,1444.104,1645.791,599.5531428571428,2014,7,6,6
2014-07-07,241.19400000000002,1038.472,46.68,627.3408571428571,2014,7,7,0
2014-07-08,763.0740000000001,241.19400000000002,739.624,630.690857142857,2014,7,8,1
2014-07-09,265.521,763.0740000000001,601.0239999999999,582.7618571428571,2014,7,9,2
2014-07-11,2187.206,265.521,79.56,883.8541428571428,2014,7,11,4
2014-07-12,1960.012,2187.206,247.40800000000002,1128.511857142857,2014,7,12,5
2014-07-13,351.216,1960.012,1444.104,972.3850000000001,2014,7,13,6
2014-07-14,292.594,351.216,1038.472,865.831,2014,7,14,0
2014-07-15,9.51,292.594,241.19400000000002,832.7332857142858,2014,7,15,1
2014-07-18,273.04,9.51,763.0740000000001,762.7284285714287,2014,7,18,4
2014-07-19,461.326,273.04,265.521,790.7005714285715,2014,7,19,5
2014-07-20,2285.786,461.326,2187.206,804.7834285714287,2014,7,20,6
2014-07-21,1961.482,2285.786,1960.012,804.9934285714286,2014,7,21,0
2014-07-22,1348.344,1961.482,351.216,947.4402857142858,2014,7,22,1
2014-07-23,2613.1839999999997,1348.344,292.594,1278.9531428571427,2014,7,23,2
2014-07-25,8341.289999999999,2613.1839999999997,9.51,2469.2074285714284,2014,7,25,4
2014-07-26,5039.994,8341.289999999999,273.04,3150.200857142857,2014,7,26,5
2014-07-27,580.06,5039.994,461.326,3167.162857142857,2014,7,27,6
2014-07-28,193.152,580.06,2285.786,2868.215142857143,2014,7,28,0
2014-07-30,1367.84,193.152,1961.482,2783.4091428571433,2014,7,30,2
2014-08-01,228.328,1367.84,1348.344,2623.406857142857,2014,8,1,4
2014-08-02,886.28,228.328,2613.1839999999997,2376.7062857142855,2014,8,2,5
2014-08-03,477.994,886.28,8341.289999999999,1253.3782857142858,2014,8,3,6
2014-08-04,2743.154,477.994,5039.994,925.258285714286,2014,8,4,0
2014-08-05,2408.7239999999997,2743.154,580.06,1186.4960000000003,2014,8,5,1
2014-08-06,262.89,2408.7239999999997,193.152,1196.4585714285718,2014,8,6,2
2014-08-08,3955.629,262.89,1367.84,1566.1427142857144,2014,8,8,4
2014-08-09,3605.6850000000004,3955.629,228.328,2048.622285714286,2014,8,9,5
2014-08-11,451.62,3605.6850000000004,886.28,1986.5280000000002,2014,8,11,0
2014-08-12,1832.38,451.62,477.994,2180.011714285715,2014,8,12,1
2014-08-15,842.7819999999999,1832.38,2743.154,1908.5300000000004,2014,8,15,4
2014-08-16,853.092,842.7819999999999,2408.7239999999997,1686.2968571428576,2014,8,16,5
2014-08-17,500.342,853.092,262.89,1720.2185714285715,2014,8,17,6
2014-08-19,1439.106,500.342,3955.629,1360.715285714286,2014,8,19,1
2014-08-20,1838.722,1439.106,3605.6850000000004,1108.2920000000001,2014,8,20,2
2014-08-22,23.104,1838.722,451.62,1047.0754285714288,2014,8,22,4
2014-08-23,565.224,23.104,1832.38,866.0531428571431,2014,8,23,5
2014-08-24,59.74,565.224,842.7819999999999,754.1900000000003,2014,8,24,6
2014-08-25,1451.6499999999999,59.74,853.092,839.6982857142859,2014,8,25,0
2014-08-26,366.81,1451.6499999999999,500.342,820.622285714286,2014,8,26,1
2014-08-27,2070.13,366.81,1439.106,910.7685714285716,2014,8,27,2
2014-08-29,832.3225,2070.13,1838.722,766.9972142857144,2014,8,29,4
2014-08-30,121.24,832.3225,23.104,781.016642857143,2014,8,30,5
2014-08-31,92.52,121.24,565.224,713.4875000000002,2014,8,31,6
2014-09-01,469.436,92.52,59.74,772.0155000000002,2014,9,1,0
2014-09-02,3254.15,469.436,1451.6499999999999,1029.5155000000002,2014,9,2,1
2014-09-03,22.08,3254.15,366.81,980.2683571428573,2014,9,3,2
2014-09-05,296.304,22.08,2070.13,726.864642857143,2014,9,5,4
2014-09-06,100.36,296.304,832.3225,622.2985714285717,2014,9,6,5
2014-09-07,3523.875,100.36,121.24,1108.389285714286,2014,9,7,6
2014-09-08,14228.428,3523.875,92.52,3127.8047142857145,2014,9,8,0
2014-09-09,4043.5879999999997,14228.428,469.436,3638.397857142857,2014,9,9,1
2014-09-10,1855.2279999999998,4043.5879999999997,3254.15,3438.5518571428574,2014,9,10,2
2014-09-11,127.95,1855.2279999999998,22.08,3453.676142857143,2014,9,11,3
2014-09-12,4904.66,127.95,296.304,4112.0127142857145,2014,9,12,4
2014-09-13,1275.408,4904.66,100.36,4279.876714285714,2014,9,13,5
2014-09-14,5023.716,1275.408,3523.875,4494.139714285714,2014,9,14,6
2014-09-15,133.436,5023.716,14228.428,2480.5694285714294,2014,9,15,0
2014-09-16,33.552,133.436,4043.5879999999997,1907.707142857143,2014,9,16,1
2014-09-17,820.523,33.552,1855.2279999999998,1759.8921428571432,2014,9,17,2
2014-09-19,9338.637,820.523,127.95,3075.7045714285714,2014,9,19,4
2014-09-20,5335.968000000001,9338.637,4904.66,3137.3200000000006,2014,9,20,5
2014-09-21,2679.652,5335.968000000001,1275.408,3337.926285714286,2014,9,21,6
2014-09-22,1240.266,2679.652,5023.716,2797.433428571429,2014,9,22,0
2014-09-23,10662.337000000001,1240.266,133.436,4301.562142857144,2014,9,23,1
2014-09-24,211.96,10662.337000000001,33.552,4327.049000000001,2014,9,24,2
2014-09-25,354.88880000000006,211.96,820.523,4260.52982857143,2014,9,25,3
2014-09-26,1480.614,354.88880000000006,9338.637,3137.955114285715,2014,9,26,4
2014-09-27,773.4399999999999,1480.614,5335.968000000001,2486.165400000001,2014,9,27,5
2014-09-28,490.29200000000003,773.4399999999999,2679.652,2173.399685714286,2014,9,28,6
2014-09-29,8109.07,490.29200000000003,1240.266,3154.6574000000005,2014,9,29,0
2014-09-30,987.532,8109.07,10662.337000000001,1772.5424000000003,2014,9,30,1
2014-10-01,4.71,987.532,211.96,1742.9352571428574,2014,10,1,2
2014-10-02,598.144,4.71,354.88880000000006,1777.6860000000001,2014,10,2,3
2014-10-03,862.683,598.144,1480.614,1689.4101428571432,2014,10,3,4
2014-10-04,728.7479999999999,862.683,773.4399999999999,1683.0255714285718,2014,10,4,5
2014-10-05,191.9,728.7479999999999,490.29200000000003,1640.398142857143,2014,10,5,6
2014-10-06,494.71,191.9,8109.07,552.6324285714288,2014,10,6,0
2014-10-07,237.35999999999999,494.71,987.532,445.4650000000002,2014,10,7,1
2014-10-08,147.392,237.35999999999999,4.71,465.8481428571431,2014,10,8,2
2014-10-09,249.35999999999999,147.392,598.144,416.0218571428574,2014,10,9,3
2014-10-10,2049.386,249.35999999999999,862.683,585.5508571428574,2014,10,10,4
2014-10-11,1381.164,2049.386,728.7479999999999,678.7531428571431,2014,10,11,5
2014-10-12,58.53,1381.164,191.9,659.700285714286,2014,10,12,6
2014-10-13,2212.182,58.53,494.71,905.0534285714288,2014,10,13,0
2014-10-14,4525.484,2212.182,237.35999999999999,1517.6425714285717,2014,10,14,1
2014-10-15,206.72400000000002,4525.484,147.392,1526.1185714285716,2014,10,15,2
2014-10-16,194.322,206.72400000000002,249.35999999999999,1518.256,2014,10,16,3
2014-10-17,136.068,194.322,2049.386,1244.9248571428575,2014,10,17,4
2014-10-18,3134.916,136.068,1381.164,1495.4608571428575,2014,10,18,5
2014-10-19,641.104,3134.916,58.53,1578.6857142857145,2014,10,19,6
2014-10-20,1501.104,641.104,2212.182,1477.103142857143,2014,10,20,0
2014-10-21,1356.602,1501.104,4525.484,1024.4057142857146,2014,10,21,1
2014-10-22,223.808,1356.602,206.72400000000002,1026.846285714286,2014,10,22,2
2014-10-24,56.49,223.808,194.322,1007.1560000000002,2014,10,24,4
2014-10-25,103.882,56.49,136.068,1002.5580000000002,2014,10,25,5
2014-10-26,447.88,103.882,3134.916,618.6957142857145,2014,10,26,6
2014-10-27,22.32,447.88,641.104,530.2980000000002,2014,10,27,0
2014-10-28,1510.5819999999999,22.32,1501.104,531.6520000000003,2014,10,28,1
2014-10-29,2813.8120000000004,1510.5819999999999,1356.602,739.8248571428575,2014,10,29,2
2014-10-31,5362.026,2813.8120000000004,223.808,1473.8560000000002,2014,10,31,4
2014-11-01,4732.08,5362.026,56.49,2141.797428571429,2014,11,1,5
2014-11-02,2126.37,4732.08,103.882,2430.724285714286,2014,11,2,6
2014-11-03,2784.163,2126.37,447.88,2764.4790000000003,2014,11,3,0
2014-11-04,6693.7480000000005,2784.163,22.32,3717.540142857143,2014,11,4,1
2014-11-05,1694.564,6693.7480000000005,1510.5819999999999,3743.823285714286,2014,11,5,2
2014-11-06,43.68,1694.564,2813.8120000000004,3348.090142857143,2014,11,6,3
2014-11-07,1449.142,43.68,5362.026,2789.1067142857146,2014,11,7,4
2014-11-08,333.576,1449.142,4732.08,2160.7490000000003,2014,11,8,5
2014-11-09,1574.094,333.576,2126.37,2081.8524285714293,2014,11,9,6
2014-11-10,2002.556,1574.094,2784.163,1970.1942857142863,2014,11,10,0
2014-11-11,8114.548,2002.556,6693.7480000000005,2173.1657142857143,2014,11,11,1
2014-11-12,1054.7612,8114.548,1694.564,2081.765314285715,2014,11,12,2
2014-11-14,1034.73,1054.7612,43.68,2223.343885714286,2014,11,14,4
2014-11-15,1780.822,1034.73,1449.142,2270.726742857143,2014,11,15,5
2014-11-16,1355.9285,1780.822,333.576,2416.7771000000002,2014,11,16,6
2014-11-17,11544.274,1355.9285,1574.094,3841.088528571429,2014,11,17,0
2014-11-18,3406.855,11544.274,2002.556,4041.7026714285716,2014,11,18,1
2014-11-19,7226.086,3406.855,8114.548,3914.7795285714287,2014,11,19,2
2014-11-20,907.5600000000001,7226.086,1054.7612,3893.750785714286,2014,11,20,3
2014-11-21,1249.622,907.5600000000001,1034.73,3924.4496428571433,2014,11,21,4
2014-11-22,1103.298,1249.622,1780.822,3827.6605000000004,2014,11,22,5
2014-11-23,1363.28,1103.298,1355.9285,3828.7107142857153,2014,11,23,6
2014-11-24,5578.606,1363.28,11544.274,2976.4724285714287,2014,11,24,0
2014-11-25,4415.695,5578.606,3406.855,3120.592428571429,2014,11,25,1
2014-11-26,1705.99,4415.695,7226.086,2332.007285714286,2014,11,26,2
2014-11-27,203.66,1705.99,907.5600000000001,2231.450142857143,2014,11,27,3
2014-11-28,2280.83,203.66,1249.622,2378.7655714285715,2014,11,28,4
2014-11-29,649.044,2280.83,1103.298,2313.872142857143,2014,11,29,5
2014-11-30,219.154,649.044,1363.28,2150.4255714285714,2014,11,30,6
2014-12-01,5624.39,219.154,5578.606,2156.966142857143,2014,12,1,0
2014-12-02,1771.808,5624.39,4415.695,1779.2680000000003,2014,12,2,1
2014-12-03,505.88,1771.808,1705.99,1607.8237142857145,2014,12,3,2
2014-12-04,129.98,505.88,203.66,1597.2980000000005,2014,12,4,3
2014-12-05,2963.642,129.98,2280.83,1694.8425714285718,2014,12,5,4
2014-12-06,1970.978,2963.642,649.044,1883.6902857142861,2014,12,6,5
2014-12-07,548.4,1970.978,219.154,1930.7254285714287,2014,12,7,6
2014-12-08,1095.12,548.4,5624.39,1283.6868571428572,2014,12,8,0
2014-12-09,1522.652,1095.12,1771.808,1248.0931428571432,2014,12,9,1
2014-12-10,573.336,1522.652,505.88,1257.7297142857146,2014,12,10,2
2014-12-12,4938.4045,573.336,129.98,1944.6475000000003,2014,12,12,4
2014-12-13,293.152,4938.4045,2963.642,1563.1489285714288,2014,12,13,5
2014-12-14,7641.658,293.152,1970.978,2373.246071428572,2014,12,14,6
2014-12-15,1264.466,7641.658,548.4,2475.5412142857144,2014,12,15,0
2014-12-16,4394.187,1264.466,1095.12,2946.8365000000003,2014,12,16,1
2014-12-17,45.534,4394.187,1522.652,2735.819642857143,2014,12,17,2
2014-12-19,3436.7599999999998,45.534,573.336,3144.8802142857144,2014,12,19,4
2014-12-20,6962.4400000000005,3436.7599999999998,4938.4045,3434.0281428571434,2014,12,20,5
2014-12-21,1933.44,6962.4400000000005,293.152,3668.355,2014,12,21,6
2014-12-22,798.968,1933.44,7641.658,2690.8278571428573,2014,12,22,0
2014-12-23,942.108,798.968,1264.466,2644.7767142857147,2014,12,23,1
2014-12-24,1950.202,942.108,4394.187,2295.636,2014,12,24,2
2014-12-26,2041.414,1950.202,45.534,2580.761714285715,2014,12,26,4
2014-12-27,2966.388,2041.414,3436.7599999999998,2513.565714285715,2014,12,27,5
2014-12-28,3732.2960000000003,2966.388,6962.4400000000005,2052.1165714285717,2014,12,28,6
2014-12-29,2072.096,3732.2960000000003,1933.44,2071.9245714285717,2014,12,29,0
2014-12-30,2172.6510000000003,2072.096,798.968,2268.1650000000004,2014,12,30,1
2014-12-31,5253.2699999999995,2172.6510000000003,942.108,2884.045285714286,2014,12,31,2
2015-01-02,1932.096,5253.2699999999995,1950.202,2881.458714285714,2015,1,2,4
2015-01-03,1768.2215999999999,1932.096,2041.414,2842.4312285714286,2015,1,3,5
2015-01-04,264.46000000000004,1768.2215999999999,2966.388,2456.441514285714,2015,1,4,6
2015-01-05,295.272,264.46000000000004,3732.2960000000003,1965.438085714286,2015,1,5,0
2015-01-06,31.538,295.272,2072.096,1673.9298000000001,2015,1,6,1
2015-01-09,364.07,31.538,2172.6510000000003,1415.5610857142858,2015,1,9,4
2015-01-10,1018.104,364.07,5253.2699999999995,810.5373714285716,2015,1,10,5
2015-01-12,854.614,1018.104,1932.096,656.6113714285717,2015,1,12,0
2015-01-13,622.278,854.614,1768.2215999999999,492.9051428571432,2015,1,13,1
2015-01-17,350.384,622.278,264.46000000000004,505.1800000000003,2015,1,17,5
2015-01-19,301.742,350.384,295.272,506.104285714286,2015,1,19,0
2015-01-23,43.66,301.742,31.538,507.8360000000003,2015,1,23,4
2015-01-24,13.12,43.66,364.07,457.700285714286,2015,1,24,5
2015-01-26,182.72,13.12,1018.104,338.3597142857146,2015,1,26,0
2015-01-27,3573.252,182.72,854.614,726.7365714285717,2015,1,27,1
2015-01-28,4297.644,3573.252,622.278,1251.7888571428573,2015,1,28,2
2015-01-30,2161.6400000000003,4297.644,350.384,1510.5397142857146,2015,1,30,4
2015-01-31,99.26,2161.6400000000003,301.742,1481.6137142857147,2015,1,31,5
2015-02-03,492.836,99.26,43.66,1545.7817142857145,2015,2,3,1
2015-02-06,2432.544,492.836,13.12,1891.4137142857146,2015,2,6,4
2015-02-07,324.10999999999996,2432.544,182.72,1911.612285714286,2015,2,7,5
2015-02-08,129.09199999999998,324.10999999999996,3573.252,1419.5894285714292,2015,2,8,6
2015-02-09,785.5519999999999,129.09199999999998,4297.644,917.8620000000002,2015,2,9,0
2015-02-10,77.24,785.5519999999999,2161.6400000000003,620.0905714285717,2015,2,10,1
2015-02-14,1079.962,77.24,99.26,760.1908571428573,2015,2,14,5
2015-02-15,1602.38,1079.962,492.836,918.6971428571431,2015,2,15,6
2015-02-16,160.43,1602.38,2432.544,594.1094285714288,2015,2,16,0
2015-02-18,105.844,160.43,324.10999999999996,562.9285714285717,2015,2,18,2
2015-02-20,316.78000000000003,105.844,129.09199999999998,589.7411428571431,2015,2,20,4
2015-02-21,2591.1,316.78000000000003,785.5519999999999,847.6765714285717,2015,2,21,5
2015-02-22,79.36,2591.1,77.24,847.9794285714288,2015,2,22,6
2015-02-23,37.775999999999996,79.36,1079.962,699.0957142857145,2015,2,23,0
2015-02-25,25.869999999999997,37.775999999999996,1602.38,473.88000000000017,2015,2,25,2
2015-02-27,1159.2710000000002,25.869999999999997,160.43,616.5715714285717,2015,2,27,4
2015-02-28,551.264,1159.2710000000002,105.844,680.2030000000003,2015,2,28,5
2015-03-01,1642.1743999999999,551.264,316.78000000000003,869.5450571428573,2015,3,1,6
2015-03-02,899.5699999999999,1642.1743999999999,2591.1,627.8979142857145,2015,3,2,0
2015-03-05,1969.267,899.5699999999999,79.36,897.8846285714288,2015,3,5,3
2015-03-06,1555.244,1969.267,37.775999999999996,1114.6657714285716,2015,3,6,4
2015-03-07,807.54,1555.244,25.869999999999997,1226.3329142857144,2015,3,7,5
2015-03-08,2563.2960000000003,807.54,1159.2710000000002,1426.9079142857147,2015,3,8,6
2015-03-09,478.008,2563.2960000000003,551.264,1416.4427714285716,2015,3,9,0
2015-03-10,90.93199999999999,478.008,1642.1743999999999,1194.8367142857148,2015,3,10,1
2015-03-12,51.016000000000005,90.93199999999999,899.5699999999999,1073.6147142857146,2015,3,12,3
2015-03-13,1384.856,51.016000000000005,1969.267,990.1274285714288,2015,3,13,4
2015-03-14,707.9000000000001,1384.856,1555.244,869.078285714286,2015,3,14,5
2015-03-15,16.776,707.9000000000001,807.54,756.1120000000003,2015,3,15,6
2015-03-16,7230.209999999999,16.776,2563.2960000000003,1422.814,2015,3,16,0
2015-03-17,48.84,7230.209999999999,478.008,1361.5042857142857,2015,3,17,1
2015-03-19,5652.9396,48.84,90.93199999999999,2156.0768,2015,3,19,3
2015-03-20,1548.194,5652.9396,51.016000000000005,2369.9593714285716,2015,3,20,4
2015-03-21,1270.3790000000001,1548.194,1384.856,2353.6055142857144,2015,3,21,5
2015-03-22,2481.424,1270.3790000000001,707.9000000000001,2606.966085714286,2015,3,22,6
2015-03-23,633.302,2481.424,16.776,2695.0412285714287,2015,3,23,0
2015-03-24,412.95,633.302,7230.209999999999,1721.1469428571431,2015,3,24,1
2015-03-26,4623.37,412.95,48.84,2374.6512285714293,2015,3,26,3
2015-03-27,83.7,4623.37,5652.9396,1579.0455714285715,2015,3,27,4
2015-03-28,243.344,83.7,1548.194,1392.638428571429,2015,3,28,5
2015-03-29,1559.0800000000002,243.344,1270.3790000000001,1433.881428571429,2015,3,29,6
2015-03-30,571.224,1559.0800000000002,2481.424,1160.9957142857145,2015,3,30,0
2015-03-31,200.716,571.224,633.302,1099.1977142857147,2015,3,31,1
2015-04-02,299.22,200.716,412.95,1082.9505714285717,2015,4,2,3
2015-04-04,1484.598,299.22,4623.37,634.5545714285718,2015,4,4,5
2015-04-05,2974.058,1484.598,83.7,1047.4628571428575,2015,4,5,6
2015-04-06,140.004,2974.058,243.344,1032.7000000000003,2015,4,6,0
2015-04-07,907.436,140.004,1559.0800000000002,939.6080000000002,2015,4,7,1
2015-04-09,757.992,907.436,571.224,966.2891428571431,2015,4,9,3
2015-04-10,169.54199999999997,757.992,200.716,961.8357142857146,2015,4,10,4
2015-04-11,1328.346,169.54199999999997,299.22,1108.8537142857144,2015,4,11,5
2015-04-12,40.74,1328.346,1484.598,902.5882857142859,2015,4,12,6
2015-04-13,3192.6780000000003,40.74,2974.058,933.8197142857146,2015,4,13,0
2015-04-14,35.208,3192.6780000000003,140.004,918.8488571428574,2015,4,14,1
2015-04-16,4161.972,35.208,907.436,1383.7825714285716,2015,4,16,3
2015-04-17,2745.106,4161.972,757.992,1667.6560000000002,2015,4,17,4
2015-04-18,2006.96,2745.106,169.54199999999997,1930.144285714286,2015,4,18,5
2015-04-19,329.96,2006.96,1328.346,1787.5177142857144,2015,4,19,6
2015-04-20,1194.726,329.96,40.74,1952.3728571428576,2015,4,20,0
2015-04-21,893.0899999999999,1194.726,3192.6780000000003,1623.8602857142857,2015,4,21,1
2015-04-22,152.916,893.0899999999999,35.208,1640.6757142857145,2015,4,22,2
2015-04-24,25.99,152.916,4161.972,1049.8211428571433,2015,4,24,4
2015-04-25,920.946,25.99,2745.106,789.2268571428574,2015,4,25,5
2015-04-26,2090.1055,920.946,2006.96,801.104785714286,2015,4,26,6
2015-04-27,2719.59,2090.1055,329.96,1142.4805000000003,2015,4,27,0
2015-04-28,4044.3619999999996,2719.59,1194.726,1549.5713571428573,2015,4,28,1
2015-04-29,7.968,4044.3619999999996,893.0899999999999,1423.1253571428574,2015,4,29,2
2015-04-30,1571.695,7.968,152.916,1625.8080714285716,2015,4,30,3
2015-05-01,450.94,1571.695,25.99,1686.5152142857146,2015,5,1,4
2015-05-02,167.232,450.94,920.946,1578.841785714286,2015,5,2,5
2015-05-03,2198.76,167.232,2090.1055,1594.3638571428576,2015,5,3,6
2015-05-04,1121.362,2198.76,2719.59,1366.0455714285715,2015,5,4,0
2015-05-07,305.622,1121.362,4044.3619999999996,831.9398571428575,2015,5,7,3
2015-05-08,3981.968,305.622,7.968,1399.6541428571431,2015,5,8,4
2015-05-09,48.81,3981.968,1571.695,1182.099142857143,2015,5,9,5
2015-05-10,154.442,48.81,450.94,1139.742285714286,2015,5,10,6
2015-05-11,191.968,154.442,167.232,1143.2760000000003,2015,5,11,0
2015-05-12,1060.35,191.968,2198.76,980.6460000000003,2015,5,12,1
2015-05-13,238.384,1060.35,1121.362,854.5062857142859,2015,5,13,2
2015-05-14,3141.1994999999997,238.384,305.622,1259.588785714286,2015,5,14,3
2015-05-15,69.908,3141.1994999999997,3981.968,700.7230714285716,2015,5,15,4
2015-05-16,255.968,69.908,48.81,730.3170714285716,2015,5,16,5
2015-05-17,134.46800000000002,255.968,154.442,727.463642857143,2015,5,17,6
2015-05-18,10.86,134.46800000000002,191.968,701.5910714285716,2015,5,18,0
2015-05-20,169.54399999999998,10.86,1060.35,574.3330714285717,2015,5,20,2
2015-05-21,72.332,169.54399999999998,238.384,550.6113571428574,2015,5,21,3
2015-05-22,3862.0980000000004,72.332,3141.1994999999997,653.5968571428574,2015,5,22,4
2015-05-23,1304.956,3862.0980000000004,69.908,830.0322857142859,2015,5,23,5
2015-05-24,610.3069999999999,1304.956,255.968,880.6521428571431,2015,5,24,6
2015-05-25,1739.4180000000001,610.3069999999999,134.46800000000002,1109.9307142857147,2015,5,25,0
2015-05-26,982.5640000000001,1739.4180000000001,10.86,1248.7455714285718,2015,5,26,1
2015-05-28,794.146,982.5640000000001,169.54399999999998,1337.9744285714291,2015,5,28,3
2015-05-29,1204.842,794.146,72.332,1499.7615714285716,2015,5,29,4
2015-05-30,681.1,1204.842,3862.0980000000004,1045.3332857142861,2015,5,30,5
2015-05-31,5178.138,681.1,1304.956,1598.6450000000004,2015,5,31,6
2015-06-01,834.1980000000001,5178.138,610.3069999999999,1630.6294285714287,2015,6,1,0
2015-06-04,1192.31,834.1980000000001,1739.4180000000001,1552.4711428571431,2015,6,4,3
2015-06-05,1533.1979999999999,1192.31,982.5640000000001,1631.133142857143,2015,6,5,4
2015-06-07,59.768,1533.1979999999999,794.146,1526.222,2015,6,7,6
2015-06-08,1083.112,59.768,1204.842,1508.8320000000003,2015,6,8,0
2015-06-09,797.116,1083.112,681.1,1525.4057142857146,2015,6,9,1
2015-06-11,3373.5640000000003,797.116,5178.138,1267.6094285714291,2015,6,11,3
2015-06-12,174.476,3373.5640000000003,834.1980000000001,1173.3634285714288,2015,6,12,4
2015-06-13,1128.898,174.476,1192.31,1164.3045714285718,2015,6,13,5
2015-06-14,51.072,1128.898,1533.1979999999999,952.5722857142861,2015,6,14,6
2015-06-15,734.144,51.072,59.768,1048.9117142857147,2015,6,15,0
2015-06-16,3443.904,734.144,1083.112,1386.1677142857147,2015,6,16,1
2015-06-18,1883.087,3443.904,797.116,1541.3064285714288,2015,6,18,3
2015-06-19,446.346,1883.087,3373.5640000000003,1123.1324285714288,2015,6,19,4
2015-06-20,829.544,446.346,174.476,1216.7135714285719,2015,6,20,5
2015-06-21,107.976,829.544,1128.898,1070.8675714285716,2015,6,21,6
2015-06-22,2018.953,107.976,51.072,1351.9934285714287,2015,6,22,0
2015-06-23,836.9580000000001,2018.953,734.144,1366.6811428571432,2015,6,23,1
2015-06-25,857.08,836.9580000000001,3443.904,997.1348571428574,2015,6,25,3
2015-06-26,1592.1960000000001,857.08,1883.087,955.5790000000003,2015,6,26,4
2015-06-28,1386.466,1592.1960000000001,446.346,1089.8818571428576,2015,6,28,6
2015-06-29,432.92600000000004,1386.466,829.544,1033.2221428571431,2015,6,29,0
2015-07-02,1631.902,432.92600000000004,107.976,1250.9258571428575,2015,7,2,3
2015-07-03,823.982,1631.902,2018.953,1080.2157142857145,2015,7,3,4
2015-07-04,1138.288,823.982,836.9580000000001,1123.2628571428575,2015,7,4,5
2015-07-05,121.646,1138.288,857.08,1018.2008571428574,2015,7,5,6
2015-07-06,1379.812,121.646,1592.1960000000001,987.860285714286,2015,7,6,0
2015-07-08,21.12,1379.812,1386.466,792.8108571428575,2015,7,8,2
2015-07-09,1587.114,21.12,432.92600000000004,957.6948571428574,2015,7,9,3
2015-07-10,43.286,1587.114,1631.902,730.7497142857145,2015,7,10,4
2015-07-11,1941.952,43.286,823.982,890.4597142857145,2015,7,11,5
2015-07-12,2052.567,1941.952,1138.288,1021.0710000000003,2015,7,12,6
2015-07-13,2033.2559999999999,2052.567,121.646,1294.158142857143,2015,7,13,0
2015-07-14,860.9159999999999,2033.2559999999999,1379.812,1220.0301428571431,2015,7,14,1
2015-07-16,3029.386,860.9159999999999,21.12,1649.782428571429,2015,7,16,3
2015-07-17,448.082,3029.386,1587.114,1487.0635714285715,2015,7,17,4
2015-07-18,672.418,448.082,43.286,1576.9395714285715,2015,7,18,5
2015-07-19,2.025,672.418,1941.952,1299.8071428571432,2015,7,19,6
2015-07-20,2693.168,2.025,2052.567,1391.3215714285718,2015,7,20,0
2015-07-23,208.272,2693.168,2033.2559999999999,1130.6095714285718,2015,7,23,3
2015-07-24,525.95,208.272,860.9159999999999,1082.7572857142861,2015,7,24,4
2015-07-25,2395.024,525.95,3029.386,992.1341428571432,2015,7,25,5
2015-07-26,969.225,2395.024,448.082,1066.5831428571432,2015,7,26,6
2015-07-27,29.97,969.225,672.418,974.8048571428574,2015,7,27,0
2015-07-30,443.802,29.97,2.025,1037.9158571428575,2015,7,30,3
2015-07-31,3712.162,443.802,2693.168,1183.4864285714289,2015,7,31,4
2015-08-01,1011.696,3712.162,208.272,1298.261285714286,2015,8,1,5
2015-08-02,1290.478,1011.696,525.95,1407.4795714285715,2015,8,2,6
2015-08-05,72.65,1290.478,2395.024,1075.7118571428573,2015,8,5,2
2015-08-06,494.86920000000003,72.65,969.225,1007.946742857143,2015,8,6,3
2015-08-07,968.206,494.86920000000003,29.97,1141.9804571428574,2015,8,7,4
2015-08-08,840.102,968.206,443.802,1198.594742857143,2015,8,8,5
2015-08-09,4878.392000000001,840.102,3712.162,1365.199028571429,2015,8,9,6
2015-08-10,851.4739999999999,4878.392000000001,1011.696,1342.3101714285717,2015,8,10,0
2015-08-11,196.112,851.4739999999999,1290.478,1185.9721714285718,2015,8,11,1
2015-08-13,586.896,196.112,72.65,1259.4358857142859,2015,8,13,3
2015-08-15,497.59000000000003,586.896,494.86920000000003,1259.8245714285715,2015,8,15,5
2015-08-16,3378.9320000000002,497.59000000000003,968.206,1604.2140000000004,2015,8,16,6
2015-08-17,381.64,3378.9320000000002,840.102,1538.7194285714288,2015,8,17,0
2015-08-21,2827.52,381.64,4878.392000000001,1245.7377142857144,2015,8,21,4
2015-08-22,66.632,2827.52,851.4739999999999,1133.6174285714287,2015,8,22,5
2015-08-23,1202.278,66.632,196.112,1277.3554285714288,2015,8,23,6
2015-08-24,7194.775000000001,1202.278,586.896,2221.3381428571433,2015,8,24,0
2015-08-25,178.52599999999998,7194.775000000001,497.59000000000003,2175.7575714285717,2015,8,25,1
2015-08-27,639.9739999999999,178.52599999999998,3378.9320000000002,1784.4778571428574,2015,8,27,3
2015-08-28,6491.293,639.9739999999999,381.64,2657.285428571429,2015,8,28,4
2015-08-29,246.5,6491.293,2827.52,2288.568285714286,2015,8,29,5
2015-08-31,2601.797,246.5,66.632,2650.7347142857147,2015,8,31,0
2015-09-01,2367.564,2601.797,1202.278,2817.204142857143,2015,9,1,1
2015-09-03,1874.898,2367.564,7194.775000000001,2057.2217142857144,2015,9,3,3
2015-09-04,1071.284,1874.898,178.52599999999998,2184.7585714285715,2015,9,4,4
2015-09-05,934.1030000000001,1071.284,639.9739999999999,2226.7770000000005,2015,9,5,5
2015-09-06,1005.654,934.1030000000001,6491.293,1443.1142857142859,2015,9,6,6
2015-09-07,2922.667,1005.654,246.5,1825.4238571428575,2015,9,7,0
2015-09-08,89.64,2922.667,2601.797,1466.544285714286,2015,9,8,1
2015-09-10,1415.726,89.64,2367.564,1330.5674285714288,2015,9,10,3
2015-09-11,1962.13,1415.726,1874.898,1343.0291428571431,2015,9,11,4
2015-09-12,707.824,1962.13,1071.284,1291.106285714286,2015,9,12,5
2015-09-13,3445.772,707.824,934.1030000000001,1649.916142857143,2015,9,13,6
2015-09-14,3262.42,3445.772,1005.654,1972.311285714286,2015,9,14,0
2015-09-15,2535.85,3262.42,2922.667,1917.0517142857145,2015,9,15,1
2015-09-16,31.12,2535.85,89.64,1908.6917142857146,2015,9,16,2
2015-09-17,11525.006,31.12,1415.726,3352.874571428572,2015,9,17,3
2015-09-18,3924.32,11525.006,1962.13,3633.187428571429,2015,9,18,4
2015-09-19,500.38,3924.32,707.824,3603.5525714285714,2015,9,19,5
2015-09-20,1836.052,500.38,3445.772,3373.592571428572,2015,9,20,6
2015-09-21,6982.058,1836.052,3262.42,3904.9694285714286,2015,9,21,0
2015-09-22,1783.504,6982.058,2535.85,3797.491428571429,2015,9,22,1
2015-09-24,4220.594,1783.504,31.12,4395.987714285714,2015,9,24,3
2015-09-25,3033.757,4220.594,11525.006,3182.952142857143,2015,9,25,4
2015-09-26,3722.273,3033.757,3924.32,3154.088285714286,2015,9,26,5
2015-09-27,2382.958,3722.273,500.38,3423.028,2015,9,27,6
2015-09-28,1058.364,2382.958,1836.052,3311.9297142857145,2015,9,28,0
2015-10-01,1158.414,1058.364,6982.058,2479.9805714285717,2015,10,1,3
2015-10-02,1269.266,1158.414,1783.504,2406.518,2015,10,2,4
2015-10-03,275.218,1269.266,4220.594,1842.8928571428573,2015,10,3,5
2015-10-04,505.58,275.218,3033.757,1481.7247142857145,2015,10,4,6
2015-10-05,851.092,505.58,3722.273,1071.5560000000003,2015,10,5,0
2015-10-08,222.12,851.092,2382.958,762.8648571428574,2015,10,8,3
2015-10-09,2133.5350000000003,222.12,1058.364,916.4607142857146,2015,10,9,4
2015-10-10,2248.194,2133.5350000000003,1158.414,1072.1435714285717,2015,10,10,5
2015-10-11,1011.8955,2248.194,1269.266,1035.3763571428574,2015,10,11,6
2015-10-12,2390.758,1011.8955,275.218,1337.5963571428576,2015,10,12,0
2015-10-13,371.65999999999997,2390.758,505.58,1318.464928571429,2015,10,13,1
2015-10-15,3219.554,371.65999999999997,851.092,1656.8166428571433,2015,10,15,3
2015-10-16,824.97,3219.554,222.12,1742.938071428572,2015,10,16,4
2015-10-17,77.88,824.97,2133.5350000000003,1449.2730714285717,2015,10,17,5
2015-10-18,378.494,77.88,2248.194,1182.1730714285716,2015,10,18,6
2015-10-19,2135.09,378.494,1011.8955,1342.629428571429,2015,10,19,0
2015-10-20,720.086,2135.09,2390.758,1103.9620000000002,2015,10,20,1
2015-10-22,15.128,720.086,371.65999999999997,1053.0288571428575,2015,10,22,3
2015-10-23,2262.296,15.128,3219.554,916.2777142857146,2015,10,23,4
2015-10-24,831.145,2262.296,824.97,917.1598571428575,2015,10,24,5
2015-10-25,1425.412,831.145,77.88,1109.6644285714287,2015,10,25,6
2015-10-26,1395.333,1425.412,378.494,1254.927142857143,2015,10,26,0
2015-10-28,104.51,1395.333,2135.09,964.844285714286,2015,10,28,2
2015-10-29,244.24,104.51,720.086,896.866285714286,2015,10,29,3
2015-10-30,2122.044,244.24,15.128,1197.8542857142859,2015,10,30,4
2015-10-31,3211.009,2122.044,2262.296,1333.3847142857146,2015,10,31,5
2015-11-01,3106.1059999999998,3211.009,831.145,1658.3791428571433,2015,11,1,6
2015-11-02,5528.551,3106.1059999999998,1425.412,2244.541857142857,2015,11,2,0
2015-11-03,2800.846,5528.551,1395.333,2445.329428571429,2015,11,3,1
2015-11-05,834.874,2800.846,104.51,2549.667142857143,2015,11,5,3
2015-11-06,11.481,834.874,244.24,2516.4158571428575,2015,11,6,4
2015-11-07,3073.073,11.481,2122.044,2652.277142857143,2015,11,7,5
2015-11-08,12196.997,3073.073,3211.009,3935.9897142857144,2015,11,8,6
2015-11-09,4620.2919999999995,12196.997,3106.1059999999998,4152.302000000001,2015,11,9,0
2015-11-10,3536.904,4620.2919999999995,5528.551,3867.781,2015,11,10,1
2015-11-11,542.178,3536.904,2800.846,3545.1141428571427,2015,11,11,2
2015-11-12,1127.992,542.178,834.874,3586.988142857143,2015,11,12,3
2015-11-13,3591.0771999999997,1127.992,11.481,4098.359028571429,2015,11,13,4
2015-11-14,2512.71,3591.0771999999997,3073.073,4018.3071714285716,2015,11,14,5
2015-11-15,702.17,2512.71,12196.997,2376.189028571429,2015,11,15,6
2015-11-16,4072.334,702.17,4620.2919999999995,2297.9093142857146,2015,11,16,0
2015-11-17,3885.986,4072.334,3536.904,2347.7781714285716,2015,11,17,1
2015-11-19,1040.784,3885.986,542.178,2419.0076000000004,2015,11,19,3
2015-11-20,2861.15,1040.784,1127.992,2666.6016000000004,2015,11,20,4
2015-11-21,3613.5748,2861.15,3591.0771999999997,2669.815542857143,2015,11,21,5
2015-11-22,614.499,3613.5748,2512.71,2398.642542857143,2015,11,22,6
2015-11-23,3450.1879999999996,614.499,702.17,2791.216542857143,2015,11,23,0
2015-11-24,1218.7640000000001,3450.1879999999996,4072.334,2383.563685714286,2015,11,24,1
2015-11-25,13.12,1218.7640000000001,3885.986,1830.2971142857148,2015,11,25,2
2015-11-26,1484.0819999999999,13.12,1040.784,1893.6254000000004,2015,11,26,3
2015-11-27,3109.7835,1484.0819999999999,2861.15,1929.1444714285717,2015,11,27,4
2015-11-28,1864.482,3109.7835,3613.5748,1679.274071428572,2015,11,28,5
2015-11-29,2760.168,1864.482,614.499,1985.7982142857145,2015,11,29,6
2015-11-30,1798.3970000000002,2760.168,3450.1879999999996,1749.8280714285718,2015,11,30,0
2015-12-01,7130.594,1798.3970000000002,1218.7640000000001,2594.3752142857147,2015,12,1,1
2015-12-03,1972.645,7130.594,13.12,2874.3073571428577,2015,12,3,3
2015-12-04,5185.814,1972.645,1484.0819999999999,3403.126214285715,2015,12,4,4
2015-12-05,897.322,5185.814,3109.7835,3087.0602857142862,2015,12,5,5
2015-12-06,6061.502,897.322,1864.482,3686.6345714285717,2015,12,6,6
2015-12-07,1338.298,6061.502,2760.168,3483.510285714286,2015,12,7,0
2015-12-08,2672.728,1338.298,1798.3970000000002,3608.4147142857146,2015,12,8,1
2015-12-09,34.02,2672.728,7130.594,2594.618428571429,2015,12,9,2
2015-12-10,3080.38,34.02,1972.645,2752.866285714286,2015,12,10,3
2015-12-11,1590.894,3080.38,5185.814,2239.306285714286,2015,12,11,4
2015-12-12,1448.854,1590.894,897.322,2318.0965714285717,2015,12,12,5
2015-12-13,1023.386,1448.854,6061.502,1598.3657142857144,2015,12,13,6
2015-12-14,858.304,1023.386,1338.298,1529.795142857143,2015,12,14,0
2015-12-15,5494.796,858.304,2672.728,1932.9477142857145,2015,12,15,1
2015-12-16,4.98,5494.796,34.02,1928.799142857143,2015,12,16,2
2015-12-17,1918.492,4.98,3080.38,1762.8151428571432,2015,12,17,3
2015-12-18,935.288,1918.492,1590.894,1669.157142857143,2015,12,18,4
2015-12-19,6120.656,935.288,1448.854,2336.5574285714288,2015,12,19,5
2015-12-20,1107.464,6120.656,1023.386,2348.568571428572,2015,12,20,6
2015-12-21,3257.7599999999998,1107.464,858.304,2691.3480000000004,2015,12,21,0
2015-12-22,473.313,3257.7599999999998,5494.796,1973.993285714286,2015,12,22,1
2015-12-23,194.32,473.313,4.98,2001.0418571428575,2015,12,23,2
2015-12-24,7484.566000000001,194.32,1918.492,2796.195285714286,2015,12,24,3
2015-12-25,4204.968,7484.566000000001,935.288,3263.292428571429,2015,12,25,4
2015-12-26,561.486,4204.968,6120.656,2469.1252857142863,2015,12,26,5
2015-12-27,5148.4472,561.486,1107.464,3046.4086,2015,12,27,6
2015-12-28,79.2,5148.4472,3257.7599999999998,2592.3286000000003,2015,12,28,0
2015-12-29,6.36,79.2,473.313,2525.621028571429,2015,12,29,1
2015-12-30,3251.34,6.36,194.32,2962.338171428572,2015,12,30,2
2015-12-31,1381.344,3251.34,7484.566000000001,2090.4493142857145,2015,12,31,3
2016-01-02,405.91999999999996,1381.344,4204.968,1547.7281714285716,2016,1,2,5
2016-01-03,2095.83,405.91999999999996,561.486,1766.9201714285716,2016,1,3,6
2016-01-04,1069.22,2095.83,5148.4472,1184.1734285714288,2016,1,4,0
2016-01-05,255.904,1069.22,79.2,1209.4168571428575,2016,1,5,1
2016-01-07,83.576,255.904,6.36,1220.4477142857145,2016,1,7,3
2016-01-08,1859.1580000000001,83.576,3251.34,1021.5645714285719,2016,1,8,4
2016-01-09,743.0459999999999,1859.1580000000001,1381.344,930.379142857143,2016,1,9,5
2016-01-10,174.75,743.0459999999999,405.91999999999996,897.3548571428574,2016,1,10,6
2016-01-11,149.444,174.75,2095.83,619.2997142857147,2016,1,11,0
2016-01-14,405.344,149.444,1069.22,524.460285714286,2016,1,14,3
2016-01-15,701.923,405.344,255.904,588.177285714286,2016,1,15,4
2016-01-16,102.21799999999999,701.923,83.576,590.8404285714289,2016,1,16,5
2016-01-17,1040.55,102.21799999999999,1859.1580000000001,473.89642857142877,2016,1,17,6
2016-01-21,1167.056,1040.55,743.0459999999999,534.469285714286,2016,1,21,3
2016-01-22,917.63,1167.056,174.75,640.5950000000003,2016,1,22,4
2016-01-23,1732.3,917.63,149.444,866.7172857142859,2016,1,23,5
2016-01-24,31.36,1732.3,405.344,813.2910000000002,2016,1,24,6
2016-01-25,858.712,31.36,701.923,835.6894285714288,2016,1,25,0
2016-01-28,39.68,858.712,102.21799999999999,826.7554285714289,2016,1,28,3
2016-01-30,3107.316,39.68,1040.55,1122.0077142857147,2016,1,30,5
2016-01-31,1601.5539999999999,3107.316,1167.056,1184.0788571428573,2016,1,31,6
2016-02-01,161.97,1601.5539999999999,917.63,1076.1274285714287,2016,2,1,0
2016-02-02,8996.784,161.97,1732.3,2113.9108571428574,2016,2,2,1
2016-02-03,866.4,8996.784,31.36,2233.2022857142856,2016,2,3,2
2016-02-04,197.868,866.4,858.712,2138.796,2016,2,4,3
2016-02-05,2994.476,197.868,39.68,2560.909714285714,2016,2,5,4
2016-02-06,132.224,2994.476,3107.316,2135.896571428572,2016,2,6,5
2016-02-07,762.142,132.224,1601.5539999999999,2015.9805714285717,2016,2,7,6
2016-02-08,1369.476,762.142,161.97,2188.4814285714288,2016,2,8,0
2016-02-09,121.83,1369.476,8996.784,920.6308571428574,2016,2,9,1
2016-02-11,69.93,121.83,866.4,806.8494285714289,2016,2,11,3
2016-02-12,1366.04,69.93,197.868,973.7311428571431,2016,2,12,4
2016-02-13,146.82,1366.04,2994.476,566.9231428571431,2016,2,13,5
2016-02-14,837.921,146.82,132.224,667.7370000000002,2016,2,14,6
2016-02-15,407.072,837.921,762.142,617.0127142857145,2016,2,15,0
2016-02-16,1135.638,407.072,1369.476,583.6072857142859,2016,2,16,1
2016-02-19,392.65999999999997,1135.638,121.83,622.297285714286,2016,2,19,4
2016-02-20,16.496,392.65999999999997,69.93,614.6638571428574,2016,2,20,5
2016-02-21,1524.126,16.496,1366.04,637.2475714285716,2016,2,21,6
2016-02-22,983.17,1524.126,146.82,756.726142857143,2016,2,22,0
2016-02-23,57.576,983.17,837.921,645.2482857142859,2016,2,23,1
2016-02-25,46.72,57.576,407.072,593.7694285714288,2016,2,25,3
2016-02-27,243.892,46.72,1135.638,466.3771428571431,2016,2,27,5
2016-02-28,36.48,243.892,392.65999999999997,415.494285714286,2016,2,28,6
2016-02-29,111.104,36.48,16.496,429.0097142857145,2016,2,29,0
2016-03-01,6285.8060000000005,111.104,1524.126,1109.2497142857146,2016,3,1,1
2016-03-03,7264.422,6285.8060000000005,983.17,2006.571428571429,2016,3,3,3
2016-03-04,315.45,7264.422,57.576,2043.410571428572,2016,3,4,4
2016-03-05,162.344,315.45,46.72,2059.9282857142857,2016,3,5,5
2016-03-06,811.303,162.344,243.892,2140.987,2016,3,6,6
2016-03-07,21.072,811.303,36.48,2138.7858571428574,2016,3,7,0
2016-03-08,2190.81,21.072,111.104,2435.886714285715,2016,3,8,1
2016-03-09,635.6,2190.81,6285.8060000000005,1628.714428571429,2016,3,9,2
2016-03-10,7879.734,635.6,7264.422,1716.6161428571431,2016,3,10,3
2016-03-11,896.0219999999999,7879.734,315.45,1799.5550000000003,2016,3,11,4
2016-03-12,1694.6419999999998,896.0219999999999,162.344,2018.4547142857143,2016,3,12,5
2016-03-13,8866.882,1694.6419999999998,811.303,3169.2517142857146,2016,3,13,6
2016-03-14,669.3679999999999,8866.882,21.072,3261.8654285714288,2016,3,14,0
2016-03-15,2356.808,669.3679999999999,2190.81,3285.5794285714287,2016,3,15,1
2016-03-17,2360.3340000000003,2356.808,635.6,3531.9700000000003,2016,3,17,3
2016-03-18,1061.682,2360.3340000000003,7879.734,2557.9625714285717,2016,3,18,4
2016-03-19,138.68,1061.682,896.0219999999999,2449.770857142857,2016,3,19,5
2016-03-20,928.311,138.68,1694.6419999999998,2340.2950000000005,2016,3,20,6
2016-03-21,645.7059999999999,928.311,8866.882,1165.8412857142862,2016,3,21,0
2016-03-22,226.46800000000002,645.7059999999999,669.3679999999999,1102.5698571428577,2016,3,22,1
2016-03-24,745.774,226.46800000000002,2356.808,872.4221428571435,2016,3,24,3
2016-03-25,1346.97,745.774,2360.3340000000003,727.6558571428577,2016,3,25,4
2016-03-26,682.246,1346.97,1061.682,673.4507142857148,2016,3,26,5
2016-03-27,92.69999999999999,682.246,138.68,666.8821428571434,2016,3,27,6
2016-03-28,125.30000000000001,92.69999999999999,928.311,552.1662857142862,2016,3,28,0
2016-03-29,2659.339,125.30000000000001,645.7059999999999,839.8281428571435,2016,3,29,1
2016-03-30,11.34,2659.339,226.46800000000002,809.0955714285719,2016,3,30,2
2016-03-31,640.762,11.34,745.774,794.0938571428577,2016,3,31,3
2016-04-01,2161.48,640.762,1346.97,910.452428571429,2016,4,1,4
2016-04-02,1454.9,2161.48,682.246,1020.8315714285719,2016,4,2,5
2016-04-03,441.198,1454.9,92.69999999999999,1070.6170000000004,2016,4,3,6
2016-04-04,970.194,441.198,125.30000000000001,1191.3161428571434,2016,4,4,0
2016-04-05,1046.3339999999998,970.194,2659.339,960.8868571428577,2016,4,5,1
2016-04-06,1294.75,1046.3339999999998,11.34,1144.2311428571434,2016,4,6,2
2016-04-07,1970.574,1294.75,640.762,1334.2042857142862,2016,4,7,3
2016-04-08,2906.404,1970.574,2161.48,1440.6220000000005,2016,4,8,4
2016-04-09,1115.197,2906.404,1454.9,1392.0930000000005,2016,4,9,5
2016-04-10,950.594,1115.197,441.198,1464.8638571428578,2016,4,10,6
2016-04-12,1542.53,950.594,970.194,1546.6261428571433,2016,4,12,1
2016-04-13,6.12,1542.53,1046.3339999999998,1398.0241428571433,2016,4,13,2
2016-04-14,1466.572,6.12,1294.75,1422.5701428571433,2016,4,14,3
2016-04-15,2201.8559999999998,1466.572,1970.574,1455.6104285714289,2016,4,15,4
2016-04-16,9335.086000000001,2201.8559999999998,2906.404,2373.9935714285716,2016,4,16,5
2016-04-17,421.08500000000004,9335.086000000001,1115.197,2274.834714285715,2016,4,17,6
2016-04-18,2514.538,421.08500000000004,950.594,2498.2552857142864,2016,4,18,0
2016-04-19,1414.132,2514.538,1542.53,2479.9127142857146,2016,4,19,1
2016-04-21,271.616,1414.132,6.12,2517.840714285715,2016,4,21,3
2016-04-22,1765.4650000000001,271.616,1466.572,2560.539714285715,2016,4,22,4
2016-04-23,720.368,1765.4650000000001,2201.8559999999998,2348.8985714285723,2016,4,23,5
2016-04-24,1607.1,720.368,9335.086000000001,1244.900571428572,2016,4,24,6
2016-04-25,108.42,1607.1,421.08500000000004,1200.2341428571435,2016,4,25,0
2016-04-26,434.646,108.42,2514.538,903.1067142857148,2016,4,26,1
2016-04-28,486.672,434.646,1414.132,770.6124285714292,2016,4,28,3
2016-04-30,142.208,486.672,271.616,752.1255714285719,2016,4,30,5
2016-05-01,517.866,142.208,1765.4650000000001,573.8971428571433,2016,5,1,6
2016-05-02,1098.136,517.866,720.368,627.8640000000005,2016,5,2,0
2016-05-03,1099.013,1098.136,1607.1,555.2801428571433,2016,5,3,1
2016-05-05,2701.28,1099.013,108.42,925.6887142857148,2016,5,5,3
2016-05-06,236.96,2701.28,434.646,897.4478571428577,2016,5,6,4
2016-05-07,4835.976,236.96,486.672,1518.7770000000003,2016,5,7,5
2016-05-08,1340.2440000000001,4835.976,142.208,1689.9250000000004,2016,5,8,6
2016-05-09,1283.512,1340.2440000000001,517.866,1799.3030000000003,2016,5,9,0
2016-05-10,763.0200000000001,1283.512,1098.136,1751.4292857142864,2016,5,10,1
2016-05-11,5.98,763.0200000000001,1099.013,1595.2817142857148,2016,5,11,2
2016-05-12,918.878,5.98,2701.28,1340.6528571428576,2016,5,12,3
2016-05-14,455.93,918.878,236.96,1371.934285714286,2016,5,14,5
2016-05-15,648.9119999999999,455.93,4835.976,773.7822857142863,2016,5,15,6
2016-05-16,880.4599999999999,648.9119999999999,1340.2440000000001,708.0988571428577,2016,5,16,0
2016-05-17,346.922,880.4599999999999,1283.512,574.3002857142862,2016,5,17,1
2016-05-18,122.22,346.922,763.0200000000001,482.75742857142905,2016,5,18,2
2016-05-19,1582.008,122.22,5.98,707.9042857142862,2016,5,19,3
2016-05-20,2471.913,1582.008,918.878,929.7664285714291,2016,5,20,4
2016-05-21,2718.2140000000004,2471.913,455.93,1252.9498571428576,2016,5,21,5
2016-05-22,1799.2,2718.2140000000004,648.9119999999999,1417.276714285715,2016,5,22,6
2016-05-23,10560.978000000001,1799.2,880.4599999999999,2800.207857142858,2016,5,23,0
2016-05-24,277.756,10560.978000000001,346.922,2790.327000000001,2016,5,24,1
2016-05-25,1311.97,277.756,122.22,2960.2912857142865,2016,5,25,2
2016-05-26,1975.356,1311.97,1582.008,3016.4838571428577,2016,5,26,3
2016-05-27,5305.078,1975.356,2471.913,3421.221714285715,2016,5,27,4
2016-05-28,2137.324,5305.078,2718.2140000000004,3338.237428571429,2016,5,28,5
2016-05-29,1063.185,2137.324,1799.2,3233.0924285714295,2016,5,29,6
2016-05-30,8090.578,1063.185,10560.978000000001,2880.1781428571435,2016,5,30,0
2016-05-31,438.85900000000004,8090.578,277.756,2903.1928571428575,2016,5,31,1
2016-06-02,157.844,438.85900000000004,1311.97,2738.3177142857153,2016,6,2,3
2016-06-03,71.088,157.844,1975.356,2466.2794285714294,2016,6,3,4
2016-06-04,2316.5229999999997,71.088,5305.078,2039.3430000000008,2016,6,4,5
2016-06-05,659.82,2316.5229999999997,2137.324,1828.2710000000006,2016,6,5,6
2016-06-06,6026.312,659.82,1063.185,2537.2891428571434,2016,6,6,0
2016-06-07,51.562,6026.312,8090.578,1388.8582857142862,2016,6,7,1
2016-06-09,1688.4720000000002,51.562,438.85900000000004,1567.374428571429,2016,6,9,3
2016-06-10,1412.3960000000002,1688.4720000000002,157.844,1746.5961428571434,2016,6,10,4
2016-06-11,1623.416,1412.3960000000002,71.088,1968.3572857142863,2016,6,11,5
2016-06-12,2962.563,1623.416,2316.5229999999997,2060.648714285715,2016,6,12,6
2016-06-13,430.43800000000005,2962.563,659.82,2027.8798571428576,2016,6,13,0
2016-06-14,3457.099,430.43800000000005,6026.312,1660.8494285714291,2016,6,14,1
2016-06-15,173.488,3457.099,51.562,1678.2674285714293,2016,6,15,2
2016-06-16,147.27499999999998,173.488,1688.4720000000002,1458.0964285714292,2016,6,16,3
2016-06-17,3000.92,147.27499999999998,1412.3960000000002,1685.0284285714292,2016,6,17,4
2016-06-18,541.938,3000.92,1623.416,1530.531571428572,2016,6,18,5
2016-06-19,17.12,541.938,2962.563,1109.7540000000006,2016,6,19,6
2016-06-20,1229.548,17.12,430.43800000000005,1223.9125714285722,2016,6,20,0
2016-06-21,577.108,1229.548,3457.099,812.4852857142862,2016,6,21,1
2016-06-23,2475.094,577.108,173.488,1141.2861428571434,2016,6,23,3
2016-06-24,5310.952,2475.094,147.27499999999998,1878.9542857142862,2016,6,24,4
2016-06-25,893.266,5310.952,3000.92,1577.8608571428576,2016,6,25,5
2016-06-26,1919.6000000000001,893.266,541.938,1774.669714285715,2016,6,26,6
2016-06-27,778.7059999999999,1919.6000000000001,17.12,1883.467714285715,2016,6,27,0
2016-06-28,877.156,778.7059999999999,1229.548,1833.1260000000004,2016,6,28,1
2016-06-29,191.88,877.156,577.108,1778.093428571429,2016,6,29,2
2016-06-30,1352.9499999999998,191.88,2475.094,1617.7871428571434,2016,6,30,3
2016-07-01,1724.376,1352.9499999999998,5310.952,1105.4191428571432,2016,7,1,4
2016-07-02,772.786,1724.376,893.266,1088.2077142857147,2016,7,2,5
2016-07-03,847.6999999999999,772.786,1919.6000000000001,935.0791428571432,2016,7,3,6
2016-07-04,1651.301,847.6999999999999,778.7059999999999,1059.7355714285718,2016,7,4,0
2016-07-07,3882.2309999999998,1651.301,877.156,1489.0320000000004,2016,7,7,3
2016-07-08,2616.512,3882.2309999999998,191.88,1835.4080000000006,2016,7,8,4
2016-07-09,573.286,2616.512,1352.9499999999998,1724.027428571429,2016,7,9,5
2016-07-10,895.895,573.286,1724.376,1605.6730000000005,2016,7,10,6
2016-07-12,95.76,895.895,772.786,1508.9550000000004,2016,7,12,1
2016-07-14,2149.96,95.76,847.6999999999999,1694.9921428571433,2016,7,14,3
2016-07-15,380.2,2149.96,1651.301,1513.4062857142865,2016,7,15,4
2016-07-16,910.17,380.2,3882.2309999999998,1088.8261428571434,2016,7,16,5
2016-07-17,2184.88,910.17,2616.512,1027.164428571429,2016,7,17,6
2016-07-18,2891.858,2184.88,573.286,1358.3890000000006,2016,7,18,0
2016-07-19,1536.454,2891.858,895.895,1449.897428571429,2016,7,19,1
2016-07-20,89.95,1536.454,95.76,1449.067428571429,2016,7,20,2
2016-07-21,991.095,89.95,2149.96,1283.5152857142862,2016,7,21,3
2016-07-22,1368.048,991.095,380.2,1424.6364285714292,2016,7,22,4
2016-07-23,654.587,1368.048,910.17,1388.124571428572,2016,7,23,5
2016-07-24,326.964,654.587,2184.88,1122.7080000000008,2016,7,24,6
2016-07-25,5920.488,326.964,2891.858,1555.369428571429,2016,7,25,0
2016-07-28,2033.374,5920.488,1536.454,1626.3580000000006,2016,7,28,3
2016-07-29,819.154,2033.374,89.95,1730.5300000000007,2016,7,29,4
2016-07-30,1770.7759999999998,819.154,991.095,1841.9130000000005,2016,7,30,5
2016-07-31,2174.1580000000004,1770.7759999999998,1368.048,1957.0715714285723,2016,7,31,6
2016-08-01,1124.648,2174.1580000000004,654.587,2024.2231428571433,2016,8,1,0
2016-08-02,482.584,1124.648,326.964,2046.454571428572,2016,8,2,1
2016-08-03,248.82,482.584,5920.488,1236.2162857142862,2016,8,3,2
2016-08-04,497.90999999999997,248.82,2033.374,1016.8642857142862,2016,8,4,3
2016-08-05,197.05,497.90999999999997,819.154,927.9922857142863,2016,8,5,4
2016-08-06,320.38800000000003,197.05,1770.7759999999998,720.7940000000006,2016,8,6,5
2016-08-07,179.97,320.38800000000003,2174.1580000000004,435.9100000000005,2016,8,7,6
2016-08-08,1115.204,179.97,1124.648,434.5608571428576,2016,8,8,0
2016-08-09,661.3539999999999,1115.204,482.584,460.0994285714291,2016,8,9,1
2016-08-11,151.82,661.3539999999999,248.82,446.2422857142862,2016,8,11,3
2016-08-12,3951.9605,151.82,497.90999999999997,939.678071428572,2016,8,12,4
2016-08-13,731.524,3951.9605,197.05,1016.0315000000006,2016,8,13,5
2016-08-14,923.688,731.524,320.38800000000003,1102.2172142857148,2016,8,14,6
2016-08-15,1680.2659999999998,923.688,179.97,1316.5452142857146,2016,8,15,0
2016-08-16,204.54000000000002,1680.2659999999998,1115.204,1186.4503571428577,2016,8,16,1
2016-08-17,15.712,204.54000000000002,661.3539999999999,1094.215785714286,2016,8,17,2
2016-08-18,496.114,15.712,151.82,1143.4006428571433,2016,8,18,3
2016-08-19,448.792,496.114,3951.9605,642.9480000000004,2016,8,19,4
2016-08-20,14.78,448.792,731.524,540.5560000000005,2016,8,20,5
2016-08-21,4798.2919999999995,14.78,923.688,1094.0708571428574,2016,8,21,6
2016-08-22,405.35,4798.2919999999995,1680.2659999999998,911.9400000000005,2016,8,22,0
2016-08-23,4187.348,405.35,204.54000000000002,1480.9125714285717,2016,8,23,1
2016-08-26,4874.298,4187.348,15.712,2174.9962857142864,2016,8,26,4
2016-08-27,767.9110000000001,4874.298,496.114,2213.824428571429,2016,8,27,5
2016-08-28,322.0248,767.9110000000001,448.792,2195.714828571429,2016,8,28,6
2016-08-29,632.188,322.0248,14.78,2283.9159714285715,2016,8,29,0
2016-08-30,1656.8700000000001,632.188,4798.2919999999995,1835.1414000000007,2016,8,30,1
2016-08-31,23.968,1656.8700000000001,405.35,1780.6582571428578,2016,8,31,2
2016-09-01,5766.152,23.968,4187.348,2006.201685714286,2016,9,1,3
2016-09-02,6792.193,5766.152,4874.298,2280.1866857142863,2016,9,2,4
2016-09-03,2365.596,6792.193,767.9110000000001,2508.4274000000005,2016,9,3,5
2016-09-04,4532.0419999999995,2365.596,322.0248,3109.858428571429,2016,9,4,6
2016-09-05,5226.348,4532.0419999999995,632.188,3766.1670000000004,2016,9,5,0
2016-09-06,1313.536,5226.348,1656.8700000000001,3717.119285714286,2016,9,6,1
2016-09-08,4493.9836000000005,1313.536,23.968,4355.692942857143,2016,9,8,3
2016-09-09,84.992,4493.9836000000005,5766.152,3544.098657142858,2016,9,9,4
2016-09-10,2094.324,84.992,6792.193,2872.9745142857146,2016,9,10,5
2016-09-11,6501.586,2094.324,2365.596,3463.8302285714294,2016,9,11,6
2016-09-12,2043.792,6501.586,4532.0419999999995,3108.365942857144,2016,9,12,0
2016-09-13,2374.73,2043.792,5226.348,2700.991942857144,2016,9,13,1
2016-09-14,1137.338,2374.73,1313.536,2675.820800000001,2016,9,14,2
2016-09-15,2101.1820000000002,1137.338,4493.9836000000005,2333.992000000001,2016,9,15,3
2016-09-16,425.88599999999997,2101.1820000000002,84.992,2382.691142857144,2016,9,16,4
2016-09-17,2043.126,425.88599999999997,2094.324,2375.377142857144,2016,9,17,5
2016-09-18,4751.082,2043.126,6501.586,2125.3051428571434,2016,9,18,6
2016-09-19,3839.312,4751.082,2043.792,2381.8080000000004,2016,9,19,0
2016-09-20,1232.004,3839.312,2374.73,2218.561428571429,2016,9,20,1
2016-09-22,615.57,1232.004,1137.338,2144.0231428571433,2016,9,22,3
2016-09-23,1322.145,615.57,2101.1820000000002,2032.7321428571433,2016,9,23,4
2016-09-24,2286.05,1322.145,425.88599999999997,2298.4698571428576,2016,9,24,5
2016-09-25,3443.091,2286.05,2043.126,2498.464857142858,2016,9,25,6
2016-09-26,2698.1665,3443.091,4751.082,2205.191214285715,2016,9,26,0
2016-09-27,1992.9858,2698.1665,3839.312,1941.430328571429,2016,9,27,1
2016-09-28,99.136,1992.9858,1232.004,1779.5920428571437,2016,9,28,2
2016-09-29,1307.792,99.136,615.57,1878.4809000000005,2016,9,29,3
2016-09-30,525.884,1307.792,1322.145,1764.7293285714293,2016,9,30,4
2016-10-01,781.414,525.884,2286.05,1549.781328571429,2016,10,1,5
2016-10-02,18452.972,781.414,3443.091,3694.0500428571436,2016,10,2,6
2016-10-03,1680.696,18452.972,2698.1665,3548.697114285715,2016,10,3,0
2016-10-04,5912.782,1680.696,1992.9858,4108.668000000001,2016,10,4,1
2016-10-06,830.4000000000001,5912.782,99.136,4213.134285714286,2016,10,6,3
2016-10-07,973.712,830.4000000000001,1307.792,4165.408571428573,2016,10,7,4
2016-10-08,561.5360000000001,973.712,525.884,4170.501714285715,2016,10,8,5
2016-10-09,546.92,561.5360000000001,781.414,4137.002571428572,2016,10,9,6
2016-10-10,282.75300000000004,546.92,18452.972,1541.2570000000007,2016,10,10,0
2016-10-11,33.064,282.75300000000004,1680.696,1305.8810000000005,2016,10,11,1
2016-10-13,1650.618,33.064,5912.782,697.0004285714292,2016,10,13,3
2016-10-14,3335.888,1650.618,830.4000000000001,1054.9272857142862,2016,10,14,4
2016-10-15,1620.15,3335.888,973.712,1147.275571428572,2016,10,15,5
2016-10-16,142.182,1620.15,561.5360000000001,1087.3678571428577,2016,10,16,6
2016-10-17,2953.346,142.182,546.92,1431.1430000000005,2016,10,17,0
2016-10-18,307.92,2953.346,282.75300000000004,1434.7382857142861,2016,10,18,1
2016-10-20,946.174,307.92,33.064,1565.1825714285717,2016,10,20,3
2016-10-21,7951.592,946.174,1650.618,2465.3217142857147,2016,10,21,4
2016-10-22,188.28,7951.592,3335.888,2015.6634285714292,2016,10,22,5
2016-10-23,467.42199999999997,188.28,1620.15,1850.9880000000005,2016,10,23,6
2016-10-24,1365.498,467.42199999999997,142.182,2025.747428571429,2016,10,24,0
2016-10-25,783.96,1365.498,2953.346,1715.8351428571434,2016,10,25,1
2016-10-27,978.7900000000001,783.96,307.92,1811.6737142857148,2016,10,27,3
2016-10-28,2899.0209999999997,978.7900000000001,946.174,2090.651857142858,2016,10,28,4
2016-10-29,131.154,2899.0209999999997,7951.592,973.4464285714291,2016,10,29,5
2016-10-30,159.002,131.154,188.28,969.2638571428578,2016,10,30,6
2016-10-31,3750.4990000000003,159.002,467.42199999999997,1438.2748571428576,2016,10,31,0
2016-11-01,453.374,3750.4990000000003,1365.498,1307.9714285714292,2016,11,1,1
2016-11-03,3802.7960000000003,453.374,783.96,1739.2337142857145,2016,11,3,3
2016-11-04,3888.8179999999998,3802.7960000000003,978.7900000000001,2154.9520000000007,2016,11,4,4
2016-11-05,4266.8988,3888.8179999999998,2899.0209999999997,2350.363114285715,2016,11,5,5
2016-11-06,773.2560000000001,4266.8988,131.154,2442.0919714285724,2016,11,6,6
2016-11-07,3810.464,773.2560000000001,159.002,2963.7294000000006,2016,11,7,0
2016-11-08,993.9000000000001,3810.464,3750.4990000000003,2569.929542857143,2016,11,8,1
2016-11-09,479.97,993.9000000000001,453.374,2573.728971428572,2016,11,9,2
2016-11-10,4723.478,479.97,3802.7960000000003,2705.2549714285715,2016,11,10,3
2016-11-11,4944.296,4723.478,3888.8179999999998,2856.0375428571433,2016,11,11,4
2016-11-12,4914.938,4944.296,4266.8988,2948.6145714285717,2016,11,12,5
2016-11-13,2945.138,4914.938,773.2560000000001,3258.883428571429,2016,11,13,6
2016-11-14,2774.0620000000004,2945.138,3810.464,3110.8260000000005,2016,11,14,0
2016-11-15,2145.718,2774.0620000000004,993.9000000000001,3275.3714285714295,2016,11,15,1
2016-11-16,36.72,2145.718,479.97,3212.0500000000006,2016,11,16,2
2016-11-17,142.684,36.72,4723.478,2557.6508571428576,2016,11,17,3
2016-11-18,3958.9320000000002,142.684,4944.296,2416.8845714285717,2016,11,18,4
2016-11-19,638.462,3958.9320000000002,4914.938,1805.959428571429,2016,11,19,5
2016-11-20,3070.333,638.462,2945.138,1823.844428571429,2016,11,20,6
2016-11-21,1176.891,3070.333,2774.0620000000004,1595.6771428571435,2016,11,21,0
2016-11-22,317.044,1176.891,2145.718,1334.4380000000006,2016,11,22,1
2016-11-23,100.61599999999999,317.044,36.72,1343.5660000000007,2016,11,23,2
2016-11-24,6394.5380000000005,100.61599999999999,142.684,2236.688000000001,2016,11,24,3
2016-11-25,7978.551,6394.5380000000005,3958.9320000000002,2810.9192857142866,2016,11,25,4
2016-11-26,8329.743,7978.551,638.462,3909.6737142857155,2016,11,26,5
2016-11-27,1651.239,8329.743,3070.333,3706.9460000000004,2016,11,27,6
2016-11-28,3428.372,1651.239,1176.891,4028.5861428571434,2016,11,28,0
2016-11-29,300.592,3428.372,317.044,4026.235857142858,2016,11,29,1
2016-11-30,970.142,300.592,100.61599999999999,4150.4538571428575,2016,11,30,2
2016-12-01,7365.455,970.142,6394.5380000000005,4289.156285714286,2016,12,1,3
2016-12-02,4684.616,7365.455,7978.551,3818.594142857143,2016,12,2,4
2016-12-03,5269.816,4684.616,8329.743,3381.4617142857146,2016,12,3,5
2016-12-04,944.2860000000001,5269.816,1651.239,3280.468428571429,2016,12,4,6
2016-12-05,5267.004,944.2860000000001,3428.372,3543.1301428571433,2016,12,5,0
2016-12-06,3878.276,5267.004,300.592,4054.227857142858,2016,12,6,1
2016-12-08,4709.095,3878.276,970.142,4588.3640000000005,2016,12,8,3
2016-12-09,1855.483,4709.095,7365.455,3801.225142857143,2016,12,9,4
2016-12-10,3459.71,1855.483,4684.616,3626.2385714285724,2016,12,10,5
2016-12-11,6102.25,3459.71,5269.816,3745.1577142857154,2016,12,11,6
2016-12-12,1981.115,6102.25,944.2860000000001,3893.2761428571434,2016,12,12,0
2016-12-13,1194.088,1981.115,5267.004,3311.4310000000005,2016,12,13,1
2016-12-14,828.654,1194.088,3878.276,2875.770714285715,2016,12,14,2
2016-12-15,2637.087,828.654,4709.095,2579.769571428572,2016,12,15,3
2016-12-16,628.5419999999999,2637.087,1855.483,2404.492285714286,2016,12,16,4
2016-12-17,12185.134,628.5419999999999,3459.71,3650.9814285714288,2016,12,17,5
2016-12-18,7051.35,12185.134,6102.25,3786.5671428571436,2016,12,18,6
2016-12-19,815.1120000000001,7051.35,1981.115,3619.995285714286,2016,12,19,0
2016-12-20,134.54,815.1120000000001,1194.088,3468.6312857142866,2016,12,20,1
2016-12-22,1043.128,134.54,828.654,3499.270428571429,2016,12,22,3
2016-12-23,6965.857,1043.128,2637.087,4117.666142857143,2016,12,23,4
2016-12-24,1938.26,6965.857,628.5419999999999,4304.768714285715,2016,12,24,5
2016-12-25,10488.055,1938.26,12185.134,4062.3288571428575,2016,12,25,6
2016-12-26,1829.418,10488.055,7051.35,3316.338571428572,2016,12,26,0
2016-12-27,959.49,1829.418,815.1120000000001,3336.9640000000004,2016,12,27,1
2016-12-29,1277.68,959.49,134.54,3500.2697142857146,2016,12,29,3
2016-12-30,773.774,1277.68,1043.128,3461.790571428572,2016,12,30,4
2016-12-31,731.768,773.774,6965.857,2571.206428571429,2016,12,31,5
2017-01-01,1481.8280000000002,731.768,1938.26,2506.0018571428577,2017,1,1,6
2017-01-02,2079.554,1481.8280000000002,10488.055,1304.7874285714292,2017,1,2,0
2017-01-03,2070.272,2079.554,1829.418,1339.1951428571433,2017,1,3,1
2017-01-06,33.74,2070.272,959.49,1206.9451428571433,2017,1,6,4
2017-01-07,3395.59,33.74,1277.68,1509.5037142857148,2017,1,7,5
2017-01-08,892.98,3395.59,773.774,1526.5331428571433,2017,1,8,6
2017-01-09,274.491,892.98,731.768,1461.2078571428578,2017,1,9,0
2017-01-12,848.52,274.491,1481.8280000000002,1370.7352857142862,2017,1,12,3
2017-01-13,4619.33,848.52,2079.554,1733.560428571429,2017,1,13,4
2017-01-14,1056.038,4619.33,2070.272,1588.6698571428576,2017,1,14,5
2017-01-15,2140.28,1056.038,33.74,1889.6041428571432,2017,1,15,6
2017-01-16,6230.2919999999995,2140.28,3395.59,2294.561571428572,2017,1,16,0
2017-01-19,2013.715,6230.2919999999995,892.98,2454.6665714285723,2017,1,19,3
2017-01-20,767.838,2013.715,274.491,2525.1447142857146,2017,1,20,4
2017-01-21,2546.643,767.838,848.52,2767.7337142857145,2017,1,21,5
2017-01-22,4212.372,2546.643,4619.33,2709.5968571428575,2017,1,22,6
2017-01-23,450.334,4212.372,1056.038,2623.0677142857144,2017,1,23,0
2017-01-24,418.66599999999994,450.334,2140.28,2377.122857142858,2017,1,24,1
2017-01-26,3055.2799999999997,418.66599999999994,6230.2919999999995,1923.5497142857146,2017,1,26,3
2017-01-27,331.914,3055.2799999999997,2013.715,1683.2924285714291,2017,1,27,4
2017-01-28,1007.52,331.914,767.838,1717.5327142857147,2017,1,28,5
2017-01-29,294.842,1007.52,2546.643,1395.8468571428577,2017,1,29,6
2017-01-30,3749.335,294.842,4212.372,1329.6987142857147,2017,1,30,0
2017-02-02,913.354,3749.335,450.334,1395.8444285714288,2017,2,2,3
2017-02-03,922.327,913.354,418.66599999999994,1467.7960000000005,2017,2,3,4
2017-02-04,32.67,922.327,3055.2799999999997,1035.9945714285718,2017,2,4,5
2017-02-05,2263.012,32.67,331.914,1311.865714285715,2017,2,5,6
2017-02-06,904.354,2263.012,1007.52,1297.1277142857148,2017,2,6,0
2017-02-09,773.7639999999999,904.354,294.842,1365.5451428571432,2017,2,9,3
2017-02-10,227.103,773.7639999999999,3749.335,862.3691428571434,2017,2,10,4
2017-02-11,1241.516,227.103,913.354,909.2494285714291,2017,2,11,5
2017-02-13,1058.43,1241.516,922.327,928.6927142857148,2017,2,13,0
2017-02-16,1337.442,1058.43,32.67,1115.088714285715,2017,2,16,3
2017-02-17,2964.8174,1337.442,2263.012,1215.3466285714292,2017,2,17,4
2017-02-18,287.326,2964.8174,904.354,1127.199771428572,2017,2,18,5
2017-02-19,1314.59,287.326,773.7639999999999,1204.4606285714292,2017,2,19,6
2017-02-20,1150.29,1314.59,227.103,1336.344485714286,2017,2,20,0
2017-02-21,47.904,1150.29,1241.516,1165.8284857142862,2017,2,21,1
2017-02-23,117.79999999999998,47.904,1058.43,1031.4527714285719,2017,2,23,3
2017-02-24,1448.676,117.79999999999998,1337.442,1047.3433428571432,2017,2,24,4
2017-02-25,430.49199999999996,1448.676,2964.8174,685.2968571428576,2017,2,25,5
2017-02-26,2847.6459999999997,430.49199999999996,287.326,1051.0568571428576,2017,2,26,6
2017-02-28,17.62,2847.6459999999997,1314.59,865.775428571429,2017,2,28,1
2017-03-02,1450.126,17.62,1150.29,908.6091428571433,2017,3,2,3
2017-03-03,2000.1039999999998,1450.126,47.904,1187.4948571428577,2017,3,3,4
2017-03-04,228.822,2000.1039999999998,117.79999999999998,1203.3551428571432,2017,3,4,5
2017-03-05,1240.02,228.822,1448.676,1173.5471428571432,2017,3,5,6
2017-03-06,778.236,1240.02,430.49199999999996,1223.2248571428574,2017,3,6,0
2017-03-07,166.59,778.236,2847.6459999999997,840.2168571428575,2017,3,7,1
2017-03-08,843.1,166.59,17.62,958.1425714285718,2017,3,8,2
2017-03-09,710.804,843.1,1450.126,852.5251428571434,2017,3,9,3
2017-03-10,1252.952,710.804,2000.1039999999998,745.7891428571435,2017,3,10,4
2017-03-11,1973.708,1252.952,228.822,995.0585714285719,2017,3,11,5
2017-03-12,353.28,1973.708,1240.02,868.3814285714291,2017,3,12,6
2017-03-13,4791.35,353.28,778.236,1441.683428571429,2017,3,13,0
2017-03-14,49.616,4791.35,166.59,1424.972857142858,2017,3,14,1
2017-03-16,2014.381,49.616,843.1,1592.2987142857148,2017,3,16,3
2017-03-17,542.746,2014.381,710.804,1568.290428571429,2017,3,17,4
2017-03-18,1027.758,542.746,1252.952,1536.1198571428577,2017,3,18,5
2017-03-19,2166.248,1027.758,1973.708,1563.6255714285721,2017,3,19,6
2017-03-20,899.568,2166.248,353.28,1641.666714285715,2017,3,20,0
2017-03-21,3332.636,899.568,4791.35,1433.2790000000007,2017,3,21,1
2017-03-23,14816.068,3332.636,49.616,3542.7721428571435,2017,3,23,3
2017-03-24,1257.298,14816.068,2014.381,3434.617428571429,2017,3,24,4
2017-03-25,3567.026,1257.298,542.746,3866.657428571429,2017,3,25,5
2017-03-26,3252.88,3567.026,1027.758,4184.532000000001,2017,3,26,6
2017-03-27,2933.516,3252.88,2166.248,4294.141714285714,2017,3,27,0
2017-03-28,1504.702,2933.516,899.568,4380.589428571429,2017,3,28,1
2017-03-29,81.4,1504.702,3332.636,3916.127142857143,2017,3,29,2
2017-03-30,656.407,81.4,14816.068,1893.3184285714292,2017,3,30,3
2017-03-31,4981.010799999999,656.407,1257.298,2425.2774000000004,2017,3,31,4
2017-04-01,5972.988,4981.010799999999,3567.026,2768.986257142858,2017,4,1,5
2017-04-02,822.97,5972.988,3252.88,2421.856257142858,2017,4,2,6
2017-04-03,32.528,822.97,2933.516,2007.429400000001,2017,4,3,0
2017-04-04,808.47,32.528,1504.702,1907.9676857142863,2017,4,4,1
2017-04-06,114.41999999999999,808.47,81.4,1912.6848285714293,2017,4,6,3
2017-04-07,1971.2905,114.41999999999999,656.407,2100.5253285714293,2017,4,7,4
2017-04-08,6401.93,1971.2905,4981.010799999999,2303.5137857142868,2017,4,8,5
2017-04-09,1626.71,6401.93,5972.988,1682.6169285714293,2017,4,9,6
2017-04-10,755.529,1626.71,822.97,1672.9825000000008,2017,4,10,0
2017-04-11,319.806,755.529,32.528,1714.0222142857149,2017,4,11,1
2017-04-12,69.66,319.806,808.47,1608.4779285714296,2017,4,12,2
2017-04-13,1345.8239999999998,69.66,114.41999999999999,1784.3927857142864,2017,4,13,3
2017-04-14,652.93,1345.8239999999998,1971.2905,1596.0555714285722,2017,4,14,4
2017-04-15,332.338,652.93,6401.93,728.9710000000007,2017,4,15,5
2017-04-16,944.429,332.338,1626.71,631.5022857142865,2017,4,16,6
2017-04-17,3431.4590000000003,944.429,755.529,1013.7780000000008,2017,4,17,0
2017-04-20,2033.24,3431.4590000000003,319.806,1258.5542857142866,2017,4,20,3
2017-04-21,1254.564,2033.24,69.66,1427.8262857142868,2017,4,21,4
2017-04-22,947.692,1254.564,1345.8239999999998,1370.9502857142866,2017,4,22,5
2017-04-23,1199.222,947.692,652.93,1448.9920000000006,2017,4,23,6
2017-04-24,928.558,1199.222,332.338,1534.1662857142867,2017,4,24,0
2017-04-25,678.113,928.558,944.429,1496.1211428571437,2017,4,25,1
2017-04-26,61.608000000000004,678.113,3431.4590000000003,1014.7138571428579,2017,4,26,2
2017-04-27,576.5756,61.608000000000004,2033.24,806.6189428571437,2017,4,27,3
2017-04-28,795.296,576.5756,1254.564,741.0092285714293,2017,4,28,4
2017-04-29,1053.26,795.296,947.692,756.0903714285722,2017,4,29,5
2017-04-30,1390.1260000000002,1053.26,1199.222,783.3623714285723,2017,4,30,6
2017-05-01,4108.37,1390.1260000000002,928.558,1237.6212285714294,2017,5,1,0
2017-05-02,399.11,4108.37,678.113,1197.763657142858,2017,5,2,1
2017-05-03,1386.346,399.11,61.608000000000004,1387.0119428571436,2017,5,3,2
2017-05-04,1389.4050000000002,1386.346,576.5756,1503.1304285714293,2017,5,4,3
2017-05-05,185.123,1389.4050000000002,795.296,1415.962857142858,2017,5,5,4
2017-05-06,3183.3698,185.123,1053.26,1720.264257142858,2017,5,6,5
2017-05-07,2549.468,3183.3698,1390.1260000000002,1885.8845428571435,2017,5,7,6
2017-05-08,3658.5540000000005,2549.468,4108.37,1821.625114285715,2017,5,8,0
2017-05-09,1078.222,3658.5540000000005,399.11,1918.6411142857153,2017,5,9,1
2017-05-11,449.469,1078.222,1386.346,1784.8015428571437,2017,5,11,3
2017-05-12,970.384,449.469,1389.4050000000002,1724.9414000000008,2017,5,12,4
2017-05-13,3066.378,970.384,185.123,2136.549257142858,2017,5,13,5
2017-05-14,4182.062,3066.378,3183.3698,2279.219571428572,2017,5,14,6
2017-05-15,421.264,4182.062,2549.468,1975.1904285714295,2017,5,15,0
2017-05-16,221.024,421.264,3658.5540000000005,1484.1147142857153,2017,5,16,1
2017-05-18,1830.508,221.024,1078.222,1591.5841428571437,2017,5,18,3
2017-05-19,4919.182,1830.508,449.469,2230.1145714285726,2017,5,19,4
2017-05-20,2997.578,4919.182,970.384,2519.713714285715,2017,5,20,5
2017-05-21,538.02,2997.578,3066.378,2158.519714285715,2017,5,21,6
2017-05-22,336.56199999999995,538.02,4182.062,1609.1625714285724,2017,5,22,0
2017-05-23,241.436,336.56199999999995,421.264,1583.4728571428582,2017,5,23,1
2017-05-25,886.026,241.436,221.024,1678.4731428571436,2017,5,25,3
2017-05-26,270.24,886.026,1830.508,1455.577714285715,2017,5,26,4
2017-05-27,2084.908,270.24,4919.182,1050.6814285714293,2017,5,27,5
2017-05-28,1480.103,2084.908,2997.578,833.8992857142864,2017,5,28,6
2017-05-29,691.108,1480.103,538.02,855.7690000000008,2017,5,29,0
2017-05-30,736.8904,691.108,336.56199999999995,912.9587714285723,2017,5,30,1
2017-06-01,5058.362,736.8904,241.436,1601.0910571428578,2017,6,1,3
2017-06-02,135.70600000000002,5058.362,886.026,1493.9024857142865,2017,6,2,4
2017-06-03,2952.036,135.70600000000002,270.24,1877.0162000000007,2017,6,3,5
2017-06-04,279.414,2952.036,2084.908,1619.0884857142867,2017,6,4,6
2017-06-05,491.11199999999997,279.414,1480.103,1477.8040571428578,2017,6,5,0
2017-06-06,31.349999999999998,491.11199999999997,691.108,1383.5529142857151,2017,6,6,1
2017-06-08,2227.038,31.349999999999998,736.8904,1596.4311428571434,2017,6,8,3
2017-06-09,939.1329999999999,2227.038,5058.362,1007.9698571428579,2017,6,9,4
2017-06-10,2513.3430000000003,939.1329999999999,135.70600000000002,1347.6322857142864,2017,6,10,5
2017-06-11,1580.894,2513.3430000000003,2952.036,1151.7548571428579,2017,6,11,6
2017-06-12,1679.968,1580.894,279.414,1351.8340000000007,2017,6,12,0
2017-06-13,1156.018,1679.968,491.11199999999997,1446.820571428572,2017,6,13,1
2017-06-15,4057.51,1156.018,31.349999999999998,2021.9862857142866,2017,6,15,3
2017-06-16,2724.194,4057.51,2227.038,2093.008571428572,2017,6,16,4
2017-06-17,3896.672,2724.194,939.1329999999999,2515.5141428571437,2017,6,17,5
2017-06-18,1031.1555,3896.672,2513.3430000000003,2303.773071428572,2017,6,18,6
2017-06-19,2115.941,1031.1555,1580.894,2380.208357142858,2017,6,19,0
2017-06-20,1028.228,2115.941,1679.968,2287.1026428571436,2017,6,20,1
2017-06-21,595.656,1028.228,1156.018,2207.0509285714293,2017,6,21,2
2017-06-22,579.019,595.656,4057.51,1710.1236428571435,2017,6,22,3
2017-06-24,1287.614,579.019,2724.194,1504.8979285714292,2017,6,24,5
2017-06-25,1508.3519999999999,1287.614,3896.672,1163.709357142858,2017,6,25,6
2017-06-26,4224.136,1508.3519999999999,1031.1555,1619.8494285714294,2017,6,26,0
2017-06-27,1644.906,4224.136,2115.941,1552.5587142857148,2017,6,27,1
2017-06-29,4521.9912,1644.906,1028.228,2051.6677428571434,2017,6,29,3
2017-06-30,4721.977,4521.9912,595.656,2641.142171428572,2017,6,30,4
2017-07-01,639.83,4721.977,579.019,2649.8294571428582,2017,7,1,5
2017-07-02,169.192,639.83,1287.614,2490.0548857142862,2017,7,2,6
2017-07-03,6963.4039999999995,169.192,1508.3519999999999,3269.348028571429,2017,7,3,0
2017-07-05,476.35400000000004,6963.4039999999995,4224.136,2733.950600000001,2017,7,5,2
2017-07-06,380.37800000000004,476.35400000000004,1644.906,2553.303742857144,2017,7,6,3
2017-07-07,1620.25,380.37800000000004,4521.9912,2138.769285714286,2017,7,7,4
2017-07-08,1980.2640000000001,1620.25,4721.977,1747.096000000001,2017,7,8,5
2017-07-09,1671.214,1980.2640000000001,639.83,1894.436571428572,2017,7,9,6
2017-07-10,359.21399999999994,1671.214,169.192,1921.5825714285722,2017,7,10,0
2017-07-11,1728.892,359.21399999999994,6963.4039999999995,1173.7951428571437,2017,7,11,1
2017-07-12,3.816,1728.892,476.35400000000004,1106.289714285715,2017,7,12,2
2017-07-13,504.542,3.816,380.37800000000004,1124.0274285714293,2017,7,13,3
2017-07-14,3598.9339999999997,504.542,1620.25,1406.6965714285723,2017,7,14,4
2017-07-15,2132.229,3598.9339999999997,1980.2640000000001,1428.4058571428577,2017,7,15,5
2017-07-16,316.636,2132.229,1671.214,1234.8947142857148,2017,7,16,6
2017-07-17,2191.873,316.636,359.21399999999994,1496.7031428571438,2017,7,17,0
2017-07-18,2106.794,2191.873,1728.892,1550.6891428571435,2017,7,18,1
2017-07-20,2283.208,2106.794,3.816,1876.316571428572,2017,7,20,3
2017-07-21,3685.944,2283.208,504.542,2330.8025714285723,2017,7,21,4
2017-07-22,556.3140000000001,3685.944,3598.9339999999997,1896.1425714285722,2017,7,22,5
2017-07-23,898.188,556.3140000000001,2132.229,1719.8510000000006,2017,7,23,6
2017-07-24,2399.96,898.188,316.636,2017.4687142857151,2017,7,24,0
2017-07-25,798.742,2399.96,2191.873,1818.450000000001,2017,7,25,1
2017-07-26,2012.3020000000001,798.742,2106.794,1804.9511428571439,2017,7,26,2
2017-07-27,1142.68,2012.3020000000001,2283.208,1642.0185714285724,2017,7,27,3
2017-07-28,1170.5639999999999,1142.68,3685.944,1282.6785714285722,2017,7,28,4
2017-07-29,1391.294,1170.5639999999999,556.3140000000001,1401.9614285714292,2017,7,29,5
2017-07-30,523.376,1391.294,898.188,1348.416857142858,2017,7,30,6
2017-07-31,1558.028,523.376,2399.96,1228.140857142858,2017,7,31,0
2017-08-01,2085.65,1558.028,798.742,1411.984857142858,2017,8,1,1
2017-08-03,531.348,2085.65,2012.3020000000001,1200.4200000000008,2017,8,3,3
2017-08-04,20.07,531.348,1142.68,1040.0471428571434,2017,8,4,4
2017-08-05,503.676,20.07,1170.5639999999999,944.7774285714294,2017,8,5,5
2017-08-06,1424.026,503.676,1391.294,949.4534285714293,2017,8,6,6
2017-08-07,3479.624,1424.026,523.376,1371.7745714285722,2017,8,7,0
2017-08-10,1823.0700000000002,3479.624,1558.028,1409.637714285715,2017,8,10,3
2017-08-11,708.726,1823.0700000000002,2085.65,1212.9342857142863,2017,8,11,4
2017-08-12,3693.084,708.726,531.348,1664.6108571428579,2017,8,12,5
2017-08-13,2643.164,3693.084,20.07,2039.3385714285723,2017,8,13,6
2017-08-14,440.736,2643.164,503.676,2030.3471428571436,2017,8,14,0
2017-08-15,1949.872,440.736,1424.026,2105.468000000001,2017,8,15,1
2017-08-16,80.564,1949.872,3479.624,1619.8880000000008,2017,8,16,2
2017-08-17,9517.287999999999,80.564,1823.0700000000002,2719.062000000001,2017,8,17,3
2017-08-18,7078.4839999999995,9517.287999999999,708.726,3629.0274285714295,2017,8,18,4
2017-08-19,512.446,7078.4839999999995,3693.084,3174.6505714285727,2017,8,19,5
2017-08-20,692.95,512.446,2643.164,2896.0485714285724,2017,8,20,6
2017-08-21,8551.054,692.95,440.736,4054.665428571429,2017,8,21,0
2017-08-22,524.54,8551.054,1949.872,3851.046571428572,2017,8,22,1
2017-08-23,4590.344,524.54,80.564,4495.300857142857,2017,8,23,2
2017-08-24,685.0560000000002,4590.344,9517.287999999999,3233.55342857143,2017,8,24,3
2017-08-25,361.988,685.0560000000002,7078.4839999999995,2274.054000000001,2017,8,25,4
2017-08-26,190.66,361.988,512.446,2228.084571428572,2017,8,26,5
2017-08-27,6190.538,190.66,692.95,3013.4542857142865,2017,8,27,6
2017-08-28,1443.6319999999998,6190.538,8551.054,1998.1082857142865,2017,8,28,0
2017-08-29,235.46800000000002,1443.6319999999998,524.54,1956.8122857142862,2017,8,29,1
2017-08-31,3162.83,235.46800000000002,4590.344,1752.881714285715,2017,8,31,3
2017-09-01,1261.81,3162.83,685.0560000000002,1835.2751428571432,2017,9,1,4
2017-09-02,9354.854,1261.81,361.988,3119.970285714286,2017,9,2,5
2017-09-03,1595.849,9354.854,190.66,3320.711571428572,2017,9,3,6
2017-09-04,5360.202,1595.849,6190.538,3202.0921428571432,2017,9,4,0
2017-09-05,327.044,5360.202,1443.6319999999998,3042.579571428572,2017,9,5,1
2017-09-07,3848.565,327.044,235.46800000000002,3558.7362857142866,2017,9,7,3
2017-09-08,2184.327,3848.565,3162.83,3418.950142857143,2017,9,8,4
2017-09-09,4356.061,2184.327,1261.81,3860.986000000001,2017,9,9,5
2017-09-10,2506.646,4356.061,9354.854,2882.670571428572,2017,9,10,6
2017-09-11,5564.006,2506.646,1595.849,3449.5501428571442,2017,9,11,0
2017-09-12,491.54999999999995,5564.006,5360.202,2754.0284285714297,2017,9,12,1
2017-09-13,15.92,491.54999999999995,327.044,2709.5821428571435,2017,9,13,2
2017-09-14,4367.347,15.92,3848.565,2783.693857142858,2017,9,14,3
2017-09-15,7285.026,4367.347,2184.327,3512.3651428571434,2017,9,15,4
2017-09-16,849.65,7285.026,4356.061,3011.4492857142864,2017,9,16,5
2017-09-17,4979.226,849.65,2506.646,3364.6750000000006,2017,9,17,6
2017-09-18,1511.93,4979.226,5564.006,2785.8070000000007,2017,9,18,0
2017-09-19,1648.188,1511.93,491.54999999999995,2951.0410000000006,2017,9,19,1
2017-09-20,7359.918,1648.188,15.92,4000.183571428572,2017,9,20,2
2017-09-21,338.172,7359.918,4367.347,3424.5871428571436,2017,9,21,3
2017-09-22,7871.213,338.172,7285.026,3508.3281428571436,2017,9,22,4
2017-09-23,2395.786,7871.213,849.65,3729.204714285715,2017,9,23,5
2017-09-24,6450.4619999999995,2395.786,4979.226,3939.381285714286,2017,9,24,6
2017-09-25,1412.213,6450.4619999999995,1511.93,3925.1360000000013,2017,9,25,0
2017-09-26,1486.576,1412.213,1648.188,3902.048571428572,2017,9,26,1
2017-09-28,559.271,1486.576,7359.918,2930.527571428572,2017,9,28,3
2017-09-29,1944.08,559.271,338.172,3159.9430000000007,2017,9,29,4
2017-09-30,540.76,1944.08,7871.213,2112.735428571429,2017,9,30,5
2017-10-01,2978.466,540.76,2395.786,2195.9754285714293,2017,10,1,6
2017-10-02,5418.022,2978.466,6450.4619999999995,2048.484000000001,2017,10,2,0
2017-10-03,2504.48,5418.022,1412.213,2204.5221428571435,2017,10,3,1
2017-10-04,19.98,2504.48,1486.576,1995.0084285714292,2017,10,4,2
2017-10-05,6684.616,19.98,559.271,2870.057714285715,2017,10,5,3
2017-10-06,1499.652,6684.616,1944.08,2806.568,2017,10,6,4
2017-10-07,2749.21,1499.652,540.76,3122.060857142858,2017,10,7,5
2017-10-08,608.356,2749.21,2978.466,2783.4737142857152,2017,10,8,6
2017-10-09,1496.589,608.356,5418.022,2223.2690000000007,2017,10,9,0
2017-10-10,239.358,1496.589,2504.48,1899.6801428571437,2017,10,10,1
2017-10-12,5635.354,239.358,19.98,2701.876428571429,2017,10,12,3
2017-10-13,8405.802,5635.354,6684.616,2947.7601428571434,2017,10,13,4
2017-10-14,134.332,8405.802,1499.652,2752.714428571429,2017,10,14,5
2017-10-15,1017.94,134.332,2749.21,2505.3901428571435,2017,10,15,6
2017-10-16,3473.5969999999998,1017.94,608.356,2914.7102857142863,2017,10,16,0
2017-10-17,126.352,3473.5969999999998,1496.589,2718.9621428571436,2017,10,17,1
2017-10-19,2781.8702000000003,126.352,239.358,3082.178171428572,2017,10,19,3
2017-10-20,1333.858,2781.8702000000003,5635.354,2467.678742857144,2017,10,20,4
2017-10-21,4537.201,1333.858,8405.802,1915.021457142858,2017,10,21,5
2017-10-22,15158.877,4537.201,134.332,4061.3850285714293,2017,10,22,6
2017-10-23,3352.3940000000002,15158.877,1017.94,4394.878457142858,2017,10,23,0
2017-10-24,529.0849999999999,3352.3940000000002,3473.5969999999998,3974.2338857142863,2017,10,24,1
2017-10-26,999.868,529.0849999999999,126.352,4099.021885714287,2017,10,26,3
2017-10-27,1086.32,999.868,2781.8702000000003,3856.8004285714296,2017,10,27,4
2017-10-28,408.726,1086.32,1333.858,3724.638714285715,2017,10,28,5
2017-10-29,46.96,408.726,4537.201,3083.1757142857145,2017,10,29,6
2017-10-30,4025.7299999999996,46.96,15158.877,1492.7261428571437,2017,10,30,0
2017-10-31,523.928,4025.7299999999996,3352.3940000000002,1088.659571428572,2017,10,31,1
2017-11-01,2921.43,523.928,529.0849999999999,1430.4231428571436,2017,11,1,2
2017-11-02,6294.386,2921.43,999.868,2186.7828571428577,2017,11,2,3
2017-11-03,4536.937,6294.386,1086.32,2679.7281428571437,2017,11,3,4
2017-11-04,10668.096,4536.937,408.726,4145.352428571429,2017,11,4,5
2017-11-05,2355.064,10668.096,46.96,4475.081571428572,2017,11,5,6
2017-11-06,4288.75,2355.064,4025.7299999999996,4512.655857142859,2017,11,6,0
2017-11-07,2413.378,4288.75,523.928,4782.5772857142865,2017,11,7,1
2017-11-08,384.1,2413.378,2921.43,4420.101571428572,2017,11,8,2
2017-11-09,4751.492,384.1,6294.386,4199.688142857144,2017,11,9,3
2017-11-10,4007.5480000000002,4751.492,4536.937,4124.061142857144,2017,11,10,4
2017-11-11,1815.2179999999998,4007.5480000000002,10668.096,2859.364285714287,2017,11,11,5
2017-11-12,2911.386,1815.2179999999998,2355.064,2938.838857142858,2017,11,12,6
2017-11-13,6633.4202000000005,2911.386,4288.75,3273.791742857144,2017,11,13,0
2017-11-14,834.6579999999999,6633.4202000000005,2413.378,3048.260314285715,2017,11,14,1
2017-11-15,559.2,834.6579999999999,384.1,3073.274600000001,2017,11,15,2
2017-11-16,4755.234,559.2,4751.492,3073.8091714285724,2017,11,16,3
2017-11-17,13694.8828,4755.234,4007.5480000000002,4457.714142857144,2017,11,17,4
2017-11-18,1469.756,13694.8828,1815.2179999999998,4408.3624285714295,2017,11,18,5
2017-11-19,7397.272,1469.756,2911.386,5049.203285714287,2017,11,19,6
2017-11-20,2988.274,7397.272,6633.4202000000005,4528.468114285715,2017,11,20,0
2017-11-21,2236.1839999999997,2988.274,834.6579999999999,4728.686114285715,2017,11,21,1
2017-11-22,35.712,2236.1839999999997,559.2,4653.9021142857155,2017,11,22,2
2017-11-23,1153.109,35.712,4755.234,4139.312828571429,2017,11,23,3
2017-11-24,4959.641,1153.109,13694.8828,2891.421142857144,2017,11,24,4
2017-11-25,3666.157,4959.641,1469.756,3205.1927142857153,2017,11,25,5
2017-11-26,5048.1720000000005,3666.157,7397.272,2869.607000000001,2017,11,26,6
2017-11-27,1618.254,5048.1720000000005,2988.274,2673.889857142858,2017,11,27,0
2017-11-28,6912.944,1618.254,2236.1839999999997,3341.99842857143,2017,11,28,1
2017-11-29,491.888,6912.944,35.712,3407.1664285714296,2017,11,29,2
2017-11-30,6645.282,491.888,1153.109,4191.762571428573,2017,11,30,3
2017-12-01,5331.178,6645.282,4959.641,4244.839285714287,2017,12,1,4
2017-12-02,9951.182,5331.178,3666.157,5142.700000000002,2017,12,2,5
2017-12-03,1403.842,9951.182,5048.1720000000005,4622.08142857143,2017,12,3,6
2017-12-04,2639.638,1403.842,1618.254,4767.993428571429,2017,12,4,0
2017-12-05,1453.136,2639.638,6912.944,3988.0208571428584,2017,12,5,1
2017-12-06,10.68,1453.136,491.888,3919.2768571428583,2017,12,6,2
2017-12-07,2916.514,10.68,6645.282,3386.5957142857155,2017,12,7,3
2017-12-08,7643.041,2916.514,5331.178,3716.8618571428583,2017,12,8,4
2017-12-09,5470.39,7643.041,9951.182,3076.748714285716,2017,12,9,5
2017-12-10,3873.5589999999997,5470.39,1403.842,3429.5654285714295,2017,12,10,6
2017-12-11,2823.965,3873.5589999999997,2639.638,3455.8978571428584,2017,12,11,0
2017-12-13,580.936,2823.965,1453.136,3331.297857142858,2017,12,13,2
2017-12-14,3897.714,580.936,10.68,3886.58842857143,2017,12,14,3
2017-12-15,306.88800000000003,3897.714,2916.514,3513.784714285715,2017,12,15,4
2017-12-16,858.702,306.88800000000003,7643.041,2544.5934285714293,2017,12,16,5
2017-12-17,2027.758,858.702,5470.39,2052.788857142858,2017,12,17,6
2017-12-18,3645.911,2027.758,3873.5589999999997,2020.2677142857153,2017,12,18,0
2017-12-19,1895.926,3645.911,2823.965,1887.690714285715,2017,12,19,1
2017-12-20,377.736,1895.926,580.936,1858.6621428571439,2017,12,20,2
2017-12-21,2140.94,377.736,3897.714,1607.6944285714296,2017,12,21,3
2017-12-22,7442.021,2140.94,306.88800000000003,2626.999142857144,2017,12,22,4
2017-12-23,1926.776,7442.021,858.702,2779.581142857144,2017,12,23,5
2017-12-24,6233.054,1926.776,2027.758,3380.3377142857157,2017,12,24,6
2017-12-25,2698.927,6233.054,3645.911,3245.054285714287,2017,12,25,0
2017-12-26,814.5939999999999,2698.927,1895.926,3090.5782857142867,2017,12,26,1
2017-12-27,177.636,814.5939999999999,377.736,3061.9925714285723,2017,12,27,2
2017-12-28,1657.3508000000002,177.636,2140.94,2992.908400000001,2017,12,28,3
2017-12-29,2915.534,1657.3508000000002,7442.021,2346.267400000001,2017,12,29,4
2017-12-30,713.7900000000001,2915.534,1926.776,2172.983685714287,2017,12,30,5
